# step train_loss_terms test_loss_terms
0.000000000000000000e+00 1.370966881513595581e-01 9.147056192159652710e-02 7.027135044336318970e-02 1.286888960748910904e-02 3.462917208671569824e-01 1.999344443902373314e-03 1.787920296192169189e-02 8.673490583896636963e-02 1.178956255316734314e-01 5.581265687942504883e-01 1.557243019342422485e-01 1.264000058174133301e+00 1.109600439667701721e-01 2.903431057929992676e-01 1.370966881513595581e-01 9.147056192159652710e-02 7.027135044336318970e-02 1.286888960748910904e-02 3.462917208671569824e-01 1.999344443902373314e-03 1.787920296192169189e-02 8.673490583896636963e-02 1.178956255316734314e-01 5.581265687942504883e-01 1.557243019342422485e-01 1.264000058174133301e+00 1.109600439667701721e-01 2.903431057929992676e-01
1.000000000000000000e+03 2.963909180834889412e-03 1.572617888450622559e-02 4.727648920379579067e-04 5.574968527071177959e-04 1.494153111707419157e-04 4.263479422661475837e-05 3.112607737421058118e-05 7.754735270282253623e-05 1.138498628279194236e-04 1.235716772498562932e-04 1.619854010641574860e-04 1.115140039473772049e-04 6.479029980255290866e-05 2.311997377546504140e-06 2.963909180834889412e-03 1.572617888450622559e-02 4.727648920379579067e-04 5.574968527071177959e-04 1.494153111707419157e-04 4.263479422661475837e-05 3.112607737421058118e-05 7.754735270282253623e-05 1.138498628279194236e-04 1.235716772498562932e-04 1.619854010641574860e-04 1.115140039473772049e-04 6.479029980255290866e-05 2.311997377546504140e-06
2.000000000000000000e+03 8.672884432598948479e-04 7.763459580019116402e-04 2.615606063045561314e-04 2.162476303055882454e-04 6.481310265371575952e-05 4.986315252608619630e-05 2.312402466486673802e-05 5.964978845440782607e-05 3.593833389459177852e-05 1.676152314757928252e-04 8.210205851355567575e-05 1.058363886841107160e-05 4.879615880781784654e-05 3.848861524602398276e-05 8.672884432598948479e-04 7.763459580019116402e-04 2.615606063045561314e-04 2.162476303055882454e-04 6.481310265371575952e-05 4.986315252608619630e-05 2.312402466486673802e-05 5.964978845440782607e-05 3.593833389459177852e-05 1.676152314757928252e-04 8.210205851355567575e-05 1.058363886841107160e-05 4.879615880781784654e-05 3.848861524602398276e-05
3.000000000000000000e+03 4.767443169839680195e-04 5.519869155250489712e-04 9.803058492252603173e-05 1.382399495923891664e-04 2.345321991015225649e-05 2.721776218095328659e-05 1.774758311512414366e-05 2.497054629202466458e-05 1.133117712015518919e-05 8.143790910253301263e-05 5.359015631256625056e-05 7.181473620221368037e-07 2.320330349903088063e-05 3.223661337869998533e-09 4.767443169839680195e-04 5.519869155250489712e-04 9.803058492252603173e-05 1.382399495923891664e-04 2.345321991015225649e-05 2.721776218095328659e-05 1.774758311512414366e-05 2.497054629202466458e-05 1.133117712015518919e-05 8.143790910253301263e-05 5.359015631256625056e-05 7.181473620221368037e-07 2.320330349903088063e-05 3.223661337869998533e-09
4.000000000000000000e+03 3.753207856789231300e-04 4.134988121222704649e-04 4.693817027145996690e-05 1.091038138838484883e-04 1.541795791126787663e-05 2.251505247841123492e-05 1.450850686524063349e-05 1.065734159055864438e-05 7.234874829009640962e-06 4.086793342139571905e-05 3.893737448379397392e-05 6.335327498163678683e-07 1.284175596083514392e-05 2.553596800680679735e-07 3.753207856789231300e-04 4.134988121222704649e-04 4.693817027145996690e-05 1.091038138838484883e-04 1.541795791126787663e-05 2.251505247841123492e-05 1.450850686524063349e-05 1.065734159055864438e-05 7.234874829009640962e-06 4.086793342139571905e-05 3.893737448379397392e-05 6.335327498163678683e-07 1.284175596083514392e-05 2.553596800680679735e-07
5.000000000000000000e+03 3.384413139428943396e-04 3.490503004286438227e-04 4.548561628325842321e-05 1.137392173404805362e-04 7.141294190660119057e-05 2.130215762008447200e-05 1.578421688464004546e-05 2.677253905858378857e-05 5.387105829868232831e-06 1.228678738698363304e-04 1.094656618079170585e-04 4.272959631634876132e-05 1.596193942532408983e-05 5.229181988397613168e-05 3.384413139428943396e-04 3.490503004286438227e-04 4.548561628325842321e-05 1.137392173404805362e-04 7.141294190660119057e-05 2.130215762008447200e-05 1.578421688464004546e-05 2.677253905858378857e-05 5.387105829868232831e-06 1.228678738698363304e-04 1.094656618079170585e-04 4.272959631634876132e-05 1.596193942532408983e-05 5.229181988397613168e-05
6.000000000000000000e+03 2.807376440614461899e-04 2.935371594503521919e-04 5.605811020359396935e-05 1.114912738557904959e-04 6.568056960531976074e-06 1.484907443227712065e-05 6.556405423907563090e-06 9.878397122520254925e-07 2.634651082189520821e-06 5.819395300932228565e-05 2.257734195154625922e-05 3.332692722324281931e-05 9.059216608875431120e-06 8.901471301214769483e-05 2.807376440614461899e-04 2.935371594503521919e-04 5.605811020359396935e-05 1.114912738557904959e-04 6.568056960531976074e-06 1.484907443227712065e-05 6.556405423907563090e-06 9.878397122520254925e-07 2.634651082189520821e-06 5.819395300932228565e-05 2.257734195154625922e-05 3.332692722324281931e-05 9.059216608875431120e-06 8.901471301214769483e-05
7.000000000000000000e+03 2.340623032068833709e-04 1.894704764708876610e-04 2.974742710648570210e-05 4.742544842883944511e-05 2.516140011721290648e-05 9.314123417425435036e-06 1.213770428876159713e-05 1.230957968800794333e-05 1.894087517939624377e-06 5.618824798148125410e-05 6.078169099055230618e-05 2.349574060644954443e-05 7.057605216687079519e-06 2.691111512831412256e-05 2.340623032068833709e-04 1.894704764708876610e-04 2.974742710648570210e-05 4.742544842883944511e-05 2.516140011721290648e-05 9.314123417425435036e-06 1.213770428876159713e-05 1.230957968800794333e-05 1.894087517939624377e-06 5.618824798148125410e-05 6.078169099055230618e-05 2.349574060644954443e-05 7.057605216687079519e-06 2.691111512831412256e-05
8.000000000000000000e+03 1.649236655794084072e-04 1.345088676316663623e-04 1.666880234552081674e-05 1.362167495244648308e-05 2.898681032093008980e-06 5.734449587180279195e-06 3.491059032967314124e-06 5.211149982642382383e-07 2.113263462888426147e-06 5.706070169253507629e-06 1.449587034585420042e-05 6.425710097346382099e-08 1.870684968707791995e-06 1.302168328720654245e-07 1.649236655794084072e-04 1.345088676316663623e-04 1.666880234552081674e-05 1.362167495244648308e-05 2.898681032093008980e-06 5.734449587180279195e-06 3.491059032967314124e-06 5.211149982642382383e-07 2.113263462888426147e-06 5.706070169253507629e-06 1.449587034585420042e-05 6.425710097346382099e-08 1.870684968707791995e-06 1.302168328720654245e-07
9.000000000000000000e+03 1.358138979412615299e-04 1.175033758045174181e-04 1.589361272635869682e-05 7.500178980990312994e-06 2.223666342615615577e-06 5.106281605549156666e-06 2.758378514045034535e-06 6.974667030590353534e-07 1.523204332443128806e-06 4.995027211407432333e-06 1.132082797994371504e-05 2.296822287917166250e-08 1.522893285255122464e-06 1.473588554290472530e-06 1.358138979412615299e-04 1.175033758045174181e-04 1.589361272635869682e-05 7.500178980990312994e-06 2.223666342615615577e-06 5.106281605549156666e-06 2.758378514045034535e-06 6.974667030590353534e-07 1.523204332443128806e-06 4.995027211407432333e-06 1.132082797994371504e-05 2.296822287917166250e-08 1.522893285255122464e-06 1.473588554290472530e-06
1.000000000000000000e+04 1.153813791461288929e-04 1.025751844281330705e-04 2.009885974985081702e-05 8.635789527033921331e-06 3.615494961195508949e-06 6.281260084506357089e-06 2.696174988159327768e-06 6.769381002413865644e-07 1.743798861753020901e-06 7.088342499628197402e-06 1.025262281473260373e-05 1.510505853730137460e-07 1.622044351279328112e-06 1.318717204412678257e-05 1.153813791461288929e-04 1.025751844281330705e-04 2.009885974985081702e-05 8.635789527033921331e-06 3.615494961195508949e-06 6.281260084506357089e-06 2.696174988159327768e-06 6.769381002413865644e-07 1.743798861753020901e-06 7.088342499628197402e-06 1.025262281473260373e-05 1.510505853730137460e-07 1.622044351279328112e-06 1.318717204412678257e-05
1.100000000000000000e+04 9.991830302169546485e-05 8.036493090912699699e-05 1.318454451393336058e-05 3.654781949080643244e-06 2.016093503698357381e-06 5.602532382908975706e-06 2.637862962728831917e-06 3.469843363745894749e-07 1.423794060428917874e-06 3.816238859144505113e-06 7.503231245209462941e-06 1.926144022945663892e-06 6.015101234879693948e-07 1.281154027310549282e-06 9.991830302169546485e-05 8.036493090912699699e-05 1.318454451393336058e-05 3.654781949080643244e-06 2.016093503698357381e-06 5.602532382908975706e-06 2.637862962728831917e-06 3.469843363745894749e-07 1.423794060428917874e-06 3.816238859144505113e-06 7.503231245209462941e-06 1.926144022945663892e-06 6.015101234879693948e-07 1.281154027310549282e-06
1.200000000000000000e+04 8.954799704952165484e-05 6.750650209141895175e-05 1.017261911329114810e-05 2.542632273616618477e-06 1.909860429805121385e-06 4.711564542958512902e-06 2.494368800398660824e-06 2.212445195937107201e-07 1.116786506827338599e-06 2.658078074091463350e-06 6.358559858199441805e-06 3.252374725093432062e-08 7.718292636127443984e-07 3.637554257807096292e-08 8.954799704952165484e-05 6.750650209141895175e-05 1.017261911329114810e-05 2.542632273616618477e-06 1.909860429805121385e-06 4.711564542958512902e-06 2.494368800398660824e-06 2.212445195937107201e-07 1.116786506827338599e-06 2.658078074091463350e-06 6.358559858199441805e-06 3.252374725093432062e-08 7.718292636127443984e-07 3.637554257807096292e-08
1.300000000000000000e+04 8.116881508613005280e-05 5.973402221570722759e-05 8.224499651987571269e-06 2.589924633866758086e-06 1.932843133545247838e-06 4.255291969457175583e-06 2.252238800792838447e-06 8.574536991545755882e-08 1.222492301167221740e-06 2.924022965089534409e-06 6.011738150846213102e-06 1.099435422702299547e-07 5.819796342620975338e-07 8.971019269665703177e-07 8.116881508613005280e-05 5.973402221570722759e-05 8.224499651987571269e-06 2.589924633866758086e-06 1.932843133545247838e-06 4.255291969457175583e-06 2.252238800792838447e-06 8.574536991545755882e-08 1.222492301167221740e-06 2.924022965089534409e-06 6.011738150846213102e-06 1.099435422702299547e-07 5.819796342620975338e-07 8.971019269665703177e-07
1.400000000000000000e+04 7.130044832592830062e-05 5.281246194499544799e-05 6.325469257717486471e-06 2.237650278402725235e-06 1.855094296843162738e-06 3.850182110909372568e-06 2.266723868160624988e-06 6.596867763164482312e-08 1.083781739907863084e-06 2.782083129204693250e-06 5.530483576876576990e-06 7.142915165597729654e-12 5.306641810420842376e-07 4.567908717945101671e-07 7.130044832592830062e-05 5.281246194499544799e-05 6.325469257717486471e-06 2.237650278402725235e-06 1.855094296843162738e-06 3.850182110909372568e-06 2.266723868160624988e-06 6.596867763164482312e-08 1.083781739907863084e-06 2.782083129204693250e-06 5.530483576876576990e-06 7.142915165597729654e-12 5.306641810420842376e-07 4.567908717945101671e-07
1.500000000000000000e+04 6.075554483686573803e-05 4.741868178825825453e-05 5.594819413090590388e-06 2.356171307837939821e-06 2.015629661400453188e-06 3.415021637920290232e-06 2.183960532420314848e-06 1.597712895318181836e-07 1.074049691851541866e-06 3.801094862865284085e-06 5.472784323501400650e-06 1.603695176655151045e-09 5.572159693656431045e-07 9.776027809493825771e-07 6.075554483686573803e-05 4.741868178825825453e-05 5.594819413090590388e-06 2.356171307837939821e-06 2.015629661400453188e-06 3.415021637920290232e-06 2.183960532420314848e-06 1.597712895318181836e-07 1.074049691851541866e-06 3.801094862865284085e-06 5.472784323501400650e-06 1.603695176655151045e-09 5.572159693656431045e-07 9.776027809493825771e-07
1.600000000000000000e+04 4.958537465427070856e-05 4.246172829880379140e-05 4.807328423339640722e-06 2.189829046983504668e-06 1.985114067792892456e-06 3.048778353331726976e-06 2.129102995240828022e-06 1.176982564743411785e-07 1.012957909551914781e-06 3.049615770578384399e-06 4.821538823307491839e-06 2.107748002799780807e-07 5.876931368220539298e-07 3.720464292200631462e-07 4.958537465427070856e-05 4.246172829880379140e-05 4.807328423339640722e-06 2.189829046983504668e-06 1.985114067792892456e-06 3.048778353331726976e-06 2.129102995240828022e-06 1.176982564743411785e-07 1.012957909551914781e-06 3.049615770578384399e-06 4.821538823307491839e-06 2.107748002799780807e-07 5.876931368220539298e-07 3.720464292200631462e-07
1.700000000000000000e+04 4.137869109399616718e-05 3.776574521907605231e-05 3.784357886615907773e-06 1.964361445061513223e-06 1.924556272570043802e-06 2.891906888180528767e-06 1.990998953260714188e-06 8.256907335635332856e-08 9.617664318284369074e-07 1.845569158831494860e-06 3.580083784981979989e-06 2.108750685181348672e-08 3.862220694372808794e-07 4.467577419120516424e-09 4.137869109399616718e-05 3.776574521907605231e-05 3.784357886615907773e-06 1.964361445061513223e-06 1.924556272570043802e-06 2.891906888180528767e-06 1.990998953260714188e-06 8.256907335635332856e-08 9.617664318284369074e-07 1.845569158831494860e-06 3.580083784981979989e-06 2.108750685181348672e-08 3.862220694372808794e-07 4.467577419120516424e-09
1.800000000000000000e+04 3.531348193064332008e-05 3.416347681195475161e-05 3.606584641602239572e-06 2.156583605028572492e-06 1.955492734850849956e-06 2.576775614215875976e-06 1.712377184048818890e-06 1.262823161596315913e-07 9.806695970837608911e-07 2.388878328929422423e-06 3.476390020296094008e-06 5.411963002188713290e-07 6.437894626287743449e-07 3.377992996433931694e-08 3.531348193064332008e-05 3.416347681195475161e-05 3.606584641602239572e-06 2.156583605028572492e-06 1.955492734850849956e-06 2.576775614215875976e-06 1.712377184048818890e-06 1.262823161596315913e-07 9.806695970837608911e-07 2.388878328929422423e-06 3.476390020296094008e-06 5.411963002188713290e-07 6.437894626287743449e-07 3.377992996433931694e-08
1.900000000000000000e+04 3.122106863884255290e-05 2.964620034617837518e-05 3.106429858235060237e-06 2.060991619146079756e-06 2.436510612824349664e-06 2.395304136371123604e-06 2.136596322088735178e-06 1.947866508089646231e-07 1.244697045876819175e-06 2.188891812693327665e-06 4.530953901848988608e-06 2.050598595815245062e-06 2.492293447176052723e-07 1.181039621656054805e-07 3.122106863884255290e-05 2.964620034617837518e-05 3.106429858235060237e-06 2.060991619146079756e-06 2.436510612824349664e-06 2.395304136371123604e-06 2.136596322088735178e-06 1.947866508089646231e-07 1.244697045876819175e-06 2.188891812693327665e-06 4.530953901848988608e-06 2.050598595815245062e-06 2.492293447176052723e-07 1.181039621656054805e-07
2.000000000000000000e+04 3.836655014310963452e-05 4.023756628157570958e-05 1.894702654681168497e-05 2.339559614483732730e-05 1.187134148494806141e-05 3.171425987602560781e-06 4.275575975043466315e-06 1.742529320836183615e-07 1.782204549272137228e-06 2.657863842614460737e-05 1.746933958202134818e-05 5.783389497082680464e-06 2.005514943448361009e-06 4.864148286287672818e-05 3.836655014310963452e-05 4.023756628157570958e-05 1.894702654681168497e-05 2.339559614483732730e-05 1.187134148494806141e-05 3.171425987602560781e-06 4.275575975043466315e-06 1.742529320836183615e-07 1.782204549272137228e-06 2.657863842614460737e-05 1.746933958202134818e-05 5.783389497082680464e-06 2.005514943448361009e-06 4.864148286287672818e-05
2.100000000000000000e+04 2.152316665160469711e-05 1.962546230060979724e-05 2.171100959458271973e-06 2.007463308473234065e-06 1.709996354293252807e-06 1.622523882360837888e-06 1.193132334265101235e-06 8.415533869765567943e-08 8.429219633399043232e-07 1.266275830857921392e-06 1.919353280754876323e-06 8.493267245057722903e-08 3.975711138082260732e-07 9.573430048703812645e-08 2.152316665160469711e-05 1.962546230060979724e-05 2.171100959458271973e-06 2.007463308473234065e-06 1.709996354293252807e-06 1.622523882360837888e-06 1.193132334265101235e-06 8.415533869765567943e-08 8.429219633399043232e-07 1.266275830857921392e-06 1.919353280754876323e-06 8.493267245057722903e-08 3.975711138082260732e-07 9.573430048703812645e-08
2.200000000000000000e+04 2.069431320705916733e-05 2.462022348481696099e-05 1.414446523995138705e-05 1.534255170554388314e-05 6.046878297638613731e-06 1.381608740302908700e-06 1.329230940427805763e-06 1.092807110580906738e-06 1.699483732409134973e-06 9.449809112993534654e-06 2.258797394460998476e-06 1.159535349870566279e-05 2.556002982601057738e-06 1.335321758233476430e-05 2.069431320705916733e-05 2.462022348481696099e-05 1.414446523995138705e-05 1.534255170554388314e-05 6.046878297638613731e-06 1.381608740302908700e-06 1.329230940427805763e-06 1.092807110580906738e-06 1.699483732409134973e-06 9.449809112993534654e-06 2.258797394460998476e-06 1.159535349870566279e-05 2.556002982601057738e-06 1.335321758233476430e-05
2.300000000000000000e+04 1.412905476172454655e-05 1.395630897604860365e-05 2.395270485067158006e-06 2.820340796461096033e-06 1.728603592709987424e-06 1.278278091376705561e-06 7.594830435664334800e-07 1.656849661912929150e-07 8.314872843584453221e-07 1.883188133433577605e-06 1.598782773726270534e-06 1.789595813761479803e-07 4.178008055077953031e-07 1.691941520221007522e-06 1.412905476172454655e-05 1.395630897604860365e-05 2.395270485067158006e-06 2.820340796461096033e-06 1.728603592709987424e-06 1.278278091376705561e-06 7.594830435664334800e-07 1.656849661912929150e-07 8.314872843584453221e-07 1.883188133433577605e-06 1.598782773726270534e-06 1.789595813761479803e-07 4.178008055077953031e-07 1.691941520221007522e-06
2.400000000000000000e+04 1.147081729868659750e-05 1.126010283769574016e-05 1.542020754641271196e-06 2.041053448920138180e-06 1.477444811825989746e-06 1.016388750940677710e-06 6.810347485952661373e-07 5.275687442463095067e-08 6.725302910126629286e-07 1.024495759338606149e-06 1.482612674408301245e-06 7.983486649543181102e-10 4.362162826510029845e-07 6.921887063526810380e-08 1.147081729868659750e-05 1.126010283769574016e-05 1.542020754641271196e-06 2.041053448920138180e-06 1.477444811825989746e-06 1.016388750940677710e-06 6.810347485952661373e-07 5.275687442463095067e-08 6.725302910126629286e-07 1.024495759338606149e-06 1.482612674408301245e-06 7.983486649543181102e-10 4.362162826510029845e-07 6.921887063526810380e-08
2.500000000000000000e+04 6.480304728029295802e-05 5.220708408160135150e-05 5.498712926055304706e-05 5.030007741879671812e-05 8.062650522333569825e-06 5.335857622412731871e-06 2.840336719600600190e-06 2.006160684686619788e-05 7.861592166591435671e-06 3.188845585100352764e-04 9.218796549248509109e-06 1.043758384184911847e-04 1.682035144767723978e-05 7.131729216780513525e-05 6.480304728029295802e-05 5.220708408160135150e-05 5.498712926055304706e-05 5.030007741879671812e-05 8.062650522333569825e-06 5.335857622412731871e-06 2.840336719600600190e-06 2.006160684686619788e-05 7.861592166591435671e-06 3.188845585100352764e-04 9.218796549248509109e-06 1.043758384184911847e-04 1.682035144767723978e-05 7.131729216780513525e-05
2.600000000000000000e+04 1.540431367175187916e-05 1.065946344169788063e-05 4.666935637942515314e-06 4.267677468305919319e-06 4.924889708490809426e-06 7.600064577673038002e-07 5.980738251309958287e-07 5.076744855614379048e-06 8.059159313233976718e-07 4.770056693814694881e-05 4.120066478208173066e-06 4.944217380398185924e-06 3.502496383589459583e-06 4.565206950246647466e-07 1.540431367175187916e-05 1.065946344169788063e-05 4.666935637942515314e-06 4.267677468305919319e-06 4.924889708490809426e-06 7.600064577673038002e-07 5.980738251309958287e-07 5.076744855614379048e-06 8.059159313233976718e-07 4.770056693814694881e-05 4.120066478208173066e-06 4.944217380398185924e-06 3.502496383589459583e-06 4.565206950246647466e-07
2.700000000000000000e+04 7.517127414757851511e-06 8.043437446758616716e-06 1.984434902624343522e-06 2.258730773974093609e-06 1.339609411843412090e-06 7.832936148588487413e-07 9.004104981613636483e-07 5.555082438490899222e-08 5.154155360287404619e-07 1.089186866920499597e-06 1.402721636623027734e-06 4.268704140164558680e-11 3.242669208702864125e-07 7.930091214802814648e-07 7.517127414757851511e-06 8.043437446758616716e-06 1.984434902624343522e-06 2.258730773974093609e-06 1.339609411843412090e-06 7.832936148588487413e-07 9.004104981613636483e-07 5.555082438490899222e-08 5.154155360287404619e-07 1.089186866920499597e-06 1.402721636623027734e-06 4.268704140164558680e-11 3.242669208702864125e-07 7.930091214802814648e-07
2.800000000000000000e+04 7.263561656145611778e-06 8.550304301024880260e-06 2.660530071807443164e-06 3.328450020489981398e-06 1.783349489414831623e-06 7.826099022167909425e-07 8.830680826577008702e-07 2.468136983679869445e-07 5.537739298233645968e-07 1.786006578186061233e-06 1.339875325356842950e-06 2.347730514884460717e-06 7.942444995023834053e-07 1.110667113835006603e-07 7.263561656145611778e-06 8.550304301024880260e-06 2.660530071807443164e-06 3.328450020489981398e-06 1.783349489414831623e-06 7.826099022167909425e-07 8.830680826577008702e-07 2.468136983679869445e-07 5.537739298233645968e-07 1.786006578186061233e-06 1.339875325356842950e-06 2.347730514884460717e-06 7.942444995023834053e-07 1.110667113835006603e-07
2.900000000000000000e+04 7.888510481279809028e-06 8.228446858993265778e-06 3.018767756657325663e-06 3.294431735412217677e-06 1.241010522790020332e-06 7.803387234162073582e-07 8.392440804527723230e-07 1.802739291179022985e-07 3.942049886518361745e-07 4.341511612437898293e-06 1.655858454796543811e-06 1.591664045008656103e-08 4.437040956872806419e-07 3.693436383400694467e-06 7.888510481279809028e-06 8.228446858993265778e-06 3.018767756657325663e-06 3.294431735412217677e-06 1.241010522790020332e-06 7.803387234162073582e-07 8.392440804527723230e-07 1.802739291179022985e-07 3.942049886518361745e-07 4.341511612437898293e-06 1.655858454796543811e-06 1.591664045008656103e-08 4.437040956872806419e-07 3.693436383400694467e-06
3.000000000000000000e+04 8.671527211845386773e-06 7.674883818253874779e-06 3.092483211730723269e-06 3.153656507492996752e-06 1.622845388737914618e-06 1.010348910313041415e-06 7.892576263657247182e-07 1.575965598021866754e-06 9.894498589346767403e-07 1.498811889177886769e-05 1.751949412209796719e-06 3.560227469279197976e-06 9.496304755884921178e-07 6.548203828060650267e-07 8.671527211845386773e-06 7.674883818253874779e-06 3.092483211730723269e-06 3.153656507492996752e-06 1.622845388737914618e-06 1.010348910313041415e-06 7.892576263657247182e-07 1.575965598021866754e-06 9.894498589346767403e-07 1.498811889177886769e-05 1.751949412209796719e-06 3.560227469279197976e-06 9.496304755884921178e-07 6.548203828060650267e-07
3.100000000000000000e+04 1.345185592072084546e-05 8.780944881436880678e-06 4.389094556245254353e-06 4.188477305433480069e-06 1.717113377708301414e-06 1.449994215363403782e-06 3.715237255619285861e-07 1.420426542608765885e-06 1.198150130221620202e-06 2.043250424321740866e-05 2.756033154582837597e-06 1.777865236363140866e-06 1.058889097294013482e-06 2.357205630687531084e-06 1.345185592072084546e-05 8.780944881436880678e-06 4.389094556245254353e-06 4.188477305433480069e-06 1.717113377708301414e-06 1.449994215363403782e-06 3.715237255619285861e-07 1.420426542608765885e-06 1.198150130221620202e-06 2.043250424321740866e-05 2.756033154582837597e-06 1.777865236363140866e-06 1.058889097294013482e-06 2.357205630687531084e-06
3.200000000000000000e+04 2.236817090306431055e-05 1.050952505465829745e-05 8.286237061838619411e-06 7.542203547927783802e-06 4.212808562442660332e-06 7.781204658385831863e-07 6.632717486354522407e-07 5.423878974397666752e-06 6.798596245971566532e-07 6.368620961438864470e-05 1.982012690859846771e-06 6.392463092197431251e-06 3.560296363502857275e-06 1.768903985066572204e-06 2.236817090306431055e-05 1.050952505465829745e-05 8.286237061838619411e-06 7.542203547927783802e-06 4.212808562442660332e-06 7.781204658385831863e-07 6.632717486354522407e-07 5.423878974397666752e-06 6.798596245971566532e-07 6.368620961438864470e-05 1.982012690859846771e-06 6.392463092197431251e-06 3.560296363502857275e-06 1.768903985066572204e-06
3.300000000000000000e+04 8.177054041880182922e-06 2.386713822488673031e-05 1.181600509880809113e-05 1.114359292841982096e-05 3.333096174173988402e-06 7.908539600975927897e-07 3.102092932749656029e-06 1.403477654093876481e-07 2.302525672348565422e-06 2.271026005473686382e-06 1.652015816944185644e-05 3.219778955099172890e-05 2.025652975135017186e-06 2.089257031911984086e-05 8.177054041880182922e-06 2.386713822488673031e-05 1.181600509880809113e-05 1.114359292841982096e-05 3.333096174173988402e-06 7.908539600975927897e-07 3.102092932749656029e-06 1.403477654093876481e-07 2.302525672348565422e-06 2.271026005473686382e-06 1.652015816944185644e-05 3.219778955099172890e-05 2.025652975135017186e-06 2.089257031911984086e-05
3.400000000000000000e+04 5.736935236200224608e-06 1.048711783369071782e-05 6.251890681596705690e-06 7.239747446874389425e-06 1.859350049926433712e-06 1.469257085773278959e-06 4.525232384366972838e-07 8.059622302880597999e-08 1.108685864892322570e-06 4.024780537292826921e-06 1.738446258059411775e-06 2.916263156294007786e-06 3.303979667634848738e-07 1.035110653901938349e-05 5.736935236200224608e-06 1.048711783369071782e-05 6.251890681596705690e-06 7.239747446874389425e-06 1.859350049926433712e-06 1.469257085773278959e-06 4.525232384366972838e-07 8.059622302880597999e-08 1.108685864892322570e-06 4.024780537292826921e-06 1.738446258059411775e-06 2.916263156294007786e-06 3.303979667634848738e-07 1.035110653901938349e-05
3.500000000000000000e+04 1.569569394632708281e-05 1.528070606582332402e-05 1.666807474975939840e-05 1.573716690472792834e-05 2.983395006594946608e-06 7.256406320266250987e-07 3.206268672784062801e-07 7.938010639918502420e-07 1.049779825734731276e-06 1.014570898405509070e-05 3.150982593069784343e-06 1.435653985026874579e-06 1.211599737871438265e-06 1.763429463608190417e-05 1.569569394632708281e-05 1.528070606582332402e-05 1.666807474975939840e-05 1.573716690472792834e-05 2.983395006594946608e-06 7.256406320266250987e-07 3.206268672784062801e-07 7.938010639918502420e-07 1.049779825734731276e-06 1.014570898405509070e-05 3.150982593069784343e-06 1.435653985026874579e-06 1.211599737871438265e-06 1.763429463608190417e-05
3.600000000000000000e+04 5.302008503349497914e-06 1.245388193638063967e-05 7.776720849506091326e-06 7.788989023538306355e-06 1.222710807269322686e-06 8.567884037802286912e-07 1.006563365990587045e-06 1.033082028811804776e-07 6.919293582541286014e-07 1.297296535085479263e-06 3.083009232796030119e-06 1.972236532310489565e-06 4.818575689569115639e-07 1.892418731586076319e-05 5.302008503349497914e-06 1.245388193638063967e-05 7.776720849506091326e-06 7.788989023538306355e-06 1.222710807269322686e-06 8.567884037802286912e-07 1.006563365990587045e-06 1.033082028811804776e-07 6.919293582541286014e-07 1.297296535085479263e-06 3.083009232796030119e-06 1.972236532310489565e-06 4.818575689569115639e-07 1.892418731586076319e-05
3.700000000000000000e+04 1.186445388157153502e-05 7.641790944035165012e-06 4.755751433549448848e-06 4.514459305937634781e-06 1.652636115068162326e-06 1.194649712488171645e-06 8.749546509534411598e-07 1.366644482914125547e-06 4.179734389708755771e-07 2.796750959532801062e-05 2.829652203217847273e-06 9.783015002540196292e-07 1.081660457202815451e-06 3.411389570828760043e-06 1.186445388157153502e-05 7.641790944035165012e-06 4.755751433549448848e-06 4.514459305937634781e-06 1.652636115068162326e-06 1.194649712488171645e-06 8.749546509534411598e-07 1.366644482914125547e-06 4.179734389708755771e-07 2.796750959532801062e-05 2.829652203217847273e-06 9.783015002540196292e-07 1.081660457202815451e-06 3.411389570828760043e-06
3.800000000000000000e+04 5.605843398370780051e-06 5.332220098352991045e-06 2.126053914253134280e-06 2.226882770628435537e-06 1.079477783605398145e-06 6.390968678715580609e-07 6.916786219335335772e-07 2.265348513219578308e-07 4.713303098924370715e-07 4.246265689289430156e-06 1.516106976851006038e-06 4.245936580105080793e-08 4.112327474103949498e-07 4.949385470354172867e-07 5.605843398370780051e-06 5.332220098352991045e-06 2.126053914253134280e-06 2.226882770628435537e-06 1.079477783605398145e-06 6.390968678715580609e-07 6.916786219335335772e-07 2.265348513219578308e-07 4.713303098924370715e-07 4.246265689289430156e-06 1.516106976851006038e-06 4.245936580105080793e-08 4.112327474103949498e-07 4.949385470354172867e-07
3.900000000000000000e+04 8.758855983614921570e-06 6.972459232201799750e-06 4.027316663268720731e-06 4.507667654252145439e-06 1.809185050660744309e-06 7.993165240804955829e-07 7.262976282618183177e-07 1.555738776914949995e-06 5.321206799635547213e-07 1.226374479301739484e-05 1.095021161745535210e-06 5.059311858346404733e-10 1.018068815028527752e-06 2.964061195598333143e-06 8.758855983614921570e-06 6.972459232201799750e-06 4.027316663268720731e-06 4.507667654252145439e-06 1.809185050660744309e-06 7.993165240804955829e-07 7.262976282618183177e-07 1.555738776914949995e-06 5.321206799635547213e-07 1.226374479301739484e-05 1.095021161745535210e-06 5.059311858346404733e-10 1.018068815028527752e-06 2.964061195598333143e-06
4.000000000000000000e+04 9.553129530104342848e-06 1.370015525026246905e-05 1.126952793129021302e-05 8.319092557940166444e-06 4.266145424480782822e-06 1.739449430715467315e-06 1.592446892573207151e-06 9.449240678804926574e-08 5.186811904422938824e-07 1.056085420714225620e-05 4.915800218441290781e-06 9.151307835963962134e-07 3.575647156139893923e-07 1.611590050742961466e-05 9.553129530104342848e-06 1.370015525026246905e-05 1.126952793129021302e-05 8.319092557940166444e-06 4.266145424480782822e-06 1.739449430715467315e-06 1.592446892573207151e-06 9.449240678804926574e-08 5.186811904422938824e-07 1.056085420714225620e-05 4.915800218441290781e-06 9.151307835963962134e-07 3.575647156139893923e-07 1.611590050742961466e-05
4.100000000000000000e+04 3.449886435191729106e-06 4.194313532934756950e-06 1.455983237974578515e-06 1.538296487524348777e-06 1.041708969751198310e-06 7.684486149628355633e-07 4.640643567199731478e-07 1.159914049253529811e-07 5.278501475913799368e-07 1.661379542383656371e-06 1.473007955610228237e-06 3.900162415249042169e-09 3.230024958611465991e-07 1.822842321530515619e-08 3.449886435191729106e-06 4.194313532934756950e-06 1.455983237974578515e-06 1.538296487524348777e-06 1.041708969751198310e-06 7.684486149628355633e-07 4.640643567199731478e-07 1.159914049253529811e-07 5.278501475913799368e-07 1.661379542383656371e-06 1.473007955610228237e-06 3.900162415249042169e-09 3.230024958611465991e-07 1.822842321530515619e-08
4.200000000000000000e+04 3.797577846853528172e-06 4.136615189054282382e-06 1.636100137147877831e-06 1.692934006314317230e-06 9.050893936546344776e-07 6.934463954166858457e-07 5.588447038462618366e-07 1.612891651348036248e-07 4.323997586652694736e-07 2.569957359810359776e-06 1.148647811533010099e-06 1.190761800273776316e-08 3.002279242991789943e-07 3.377992996433931694e-08 3.797577846853528172e-06 4.136615189054282382e-06 1.636100137147877831e-06 1.692934006314317230e-06 9.050893936546344776e-07 6.934463954166858457e-07 5.588447038462618366e-07 1.612891651348036248e-07 4.323997586652694736e-07 2.569957359810359776e-06 1.148647811533010099e-06 1.190761800273776316e-08 3.002279242991789943e-07 3.377992996433931694e-08
4.300000000000000000e+04 5.036331458541098982e-06 5.727672942157369107e-06 3.527357421262422577e-06 3.827755790553055704e-06 1.302552959714375902e-06 6.832223107267054729e-07 6.544333928104606457e-07 3.557911725238227518e-07 5.715103839065704960e-07 2.693818260013358667e-06 1.056850692293664906e-06 1.027803591568954289e-06 6.012067501615092624e-07 2.576960469014011323e-06 5.036331458541098982e-06 5.727672942157369107e-06 3.527357421262422577e-06 3.827755790553055704e-06 1.302552959714375902e-06 6.832223107267054729e-07 6.544333928104606457e-07 3.557911725238227518e-07 5.715103839065704960e-07 2.693818260013358667e-06 1.056850692293664906e-06 1.027803591568954289e-06 6.012067501615092624e-07 2.576960469014011323e-06
4.400000000000000000e+04 4.124268798477714881e-06 4.582323072099825367e-06 1.679635943219182082e-06 1.862854674072877970e-06 2.292799990755156614e-06 7.546413485215452965e-07 1.072667828339035623e-06 1.102503460970183369e-06 3.701734669903089525e-07 6.018345629854593426e-06 2.724617843341547996e-06 4.424428468041696760e-08 7.504812060687982012e-07 1.930555626472596487e-08 4.124268798477714881e-06 4.582323072099825367e-06 1.679635943219182082e-06 1.862854674072877970e-06 2.292799990755156614e-06 7.546413485215452965e-07 1.072667828339035623e-06 1.102503460970183369e-06 3.701734669903089525e-07 6.018345629854593426e-06 2.724617843341547996e-06 4.424428468041696760e-08 7.504812060687982012e-07 1.930555626472596487e-08
4.500000000000000000e+04 6.225933702808106318e-06 1.446124315407359973e-05 7.452896170434542000e-06 6.980385933275101706e-06 2.775522034426103346e-06 6.520865554193733260e-07 1.660005409576115198e-06 5.185976448274232098e-08 2.375644726271275431e-06 2.647338533279253170e-06 7.535179065598640591e-06 2.162948658224195242e-05 1.417505927747697569e-06 2.167013590792521427e-08 6.225933702808106318e-06 1.446124315407359973e-05 7.452896170434542000e-06 6.980385933275101706e-06 2.775522034426103346e-06 6.520865554193733260e-07 1.660005409576115198e-06 5.185976448274232098e-08 2.375644726271275431e-06 2.647338533279253170e-06 7.535179065598640591e-06 2.162948658224195242e-05 1.417505927747697569e-06 2.167013590792521427e-08
4.600000000000000000e+04 4.289383923605782911e-06 4.199967861495679244e-06 1.899533572213840671e-06 2.092985141644021496e-06 1.714828840704285540e-06 7.357717777267680503e-07 8.254250474237778690e-07 9.738281505633494817e-07 3.792368659105704864e-07 5.535052878258284181e-06 1.591919158272503410e-06 2.045037739151212008e-08 6.923858109075808898e-07 4.352518345740463701e-09 4.289383923605782911e-06 4.199967861495679244e-06 1.899533572213840671e-06 2.092985141644021496e-06 1.714828840704285540e-06 7.357717777267680503e-07 8.254250474237778690e-07 9.738281505633494817e-07 3.792368659105704864e-07 5.535052878258284181e-06 1.591919158272503410e-06 2.045037739151212008e-08 6.923858109075808898e-07 4.352518345740463701e-09
4.700000000000000000e+04 2.036769728874787688e-05 1.191304363601375371e-05 1.246091323992004618e-05 7.331784672715002671e-06 9.300216333940625191e-06 2.800130914692999795e-06 3.264729855345649412e-07 1.263818489860568661e-07 2.235272859252290800e-06 1.336543573415838182e-05 1.803540544642601162e-05 8.569618330511730164e-07 1.115807208407204598e-06 8.249063284893054515e-06 2.036769728874787688e-05 1.191304363601375371e-05 1.246091323992004618e-05 7.331784672715002671e-06 9.300216333940625191e-06 2.800130914692999795e-06 3.264729855345649412e-07 1.263818489860568661e-07 2.235272859252290800e-06 1.336543573415838182e-05 1.803540544642601162e-05 8.569618330511730164e-07 1.115807208407204598e-06 8.249063284893054515e-06
4.800000000000000000e+04 3.612606860770029016e-06 6.350503554131137207e-06 4.905414698441745713e-06 3.621546511567430571e-06 1.564744479765067808e-06 8.601475087743892800e-07 3.637961469848960405e-07 1.826760041012676083e-07 7.060069719955208711e-07 2.128510914189973846e-06 2.862674136849818751e-06 1.978661202883813530e-06 3.816466858097555814e-07 6.204104465723503381e-06 3.612606860770029016e-06 6.350503554131137207e-06 4.905414698441745713e-06 3.621546511567430571e-06 1.564744479765067808e-06 8.601475087743892800e-07 3.637961469848960405e-07 1.826760041012676083e-07 7.060069719955208711e-07 2.128510914189973846e-06 2.862674136849818751e-06 1.978661202883813530e-06 3.816466858097555814e-07 6.204104465723503381e-06
4.900000000000000000e+04 3.381691385584417731e-06 3.922981250070733950e-06 1.510904098722676281e-06 1.473080601499532349e-06 1.473643692406767514e-06 7.631430207766243257e-07 9.033198011820786633e-07 5.736303165804201853e-08 4.037819678615051089e-07 1.781616902007954195e-06 2.261455165353254415e-06 2.043284865749228629e-07 2.859719074876920786e-07 3.085926891799317673e-07 3.381691385584417731e-06 3.922981250070733950e-06 1.510904098722676281e-06 1.473080601499532349e-06 1.473643692406767514e-06 7.631430207766243257e-07 9.033198011820786633e-07 5.736303165804201853e-08 4.037819678615051089e-07 1.781616902007954195e-06 2.261455165353254415e-06 2.043284865749228629e-07 2.859719074876920786e-07 3.085926891799317673e-07
5.000000000000000000e+04 1.222977243742207065e-05 1.996648643398657441e-05 1.325534685747697949e-05 1.190239709103479981e-05 8.955246812547557056e-06 1.587069959896325599e-06 3.860864580929046497e-06 4.325758254708489403e-06 1.470785832680121530e-06 2.131064502464141697e-05 1.140345375461038202e-05 2.357857010792940855e-05 3.145228674839017913e-06 1.552326830278616399e-05 1.222977243742207065e-05 1.996648643398657441e-05 1.325534685747697949e-05 1.190239709103479981e-05 8.955246812547557056e-06 1.587069959896325599e-06 3.860864580929046497e-06 4.325758254708489403e-06 1.470785832680121530e-06 2.131064502464141697e-05 1.140345375461038202e-05 2.357857010792940855e-05 3.145228674839017913e-06 1.552326830278616399e-05
5.100000000000000000e+04 1.586266080266796052e-05 1.845017322921194136e-05 3.971823844040045515e-06 6.202392341947415844e-06 1.456898371543502435e-05 3.020696340172435157e-06 3.359819402248831466e-06 1.491595753577712458e-06 1.652331093282555230e-06 1.281085133086889982e-05 3.229895810363814235e-05 3.508546797093003988e-06 1.608377488082624041e-06 1.201510167447850108e-05 1.586266080266796052e-05 1.845017322921194136e-05 3.971823844040045515e-06 6.202392341947415844e-06 1.456898371543502435e-05 3.020696340172435157e-06 3.359819402248831466e-06 1.491595753577712458e-06 1.652331093282555230e-06 1.281085133086889982e-05 3.229895810363814235e-05 3.508546797093003988e-06 1.608377488082624041e-06 1.201510167447850108e-05
5.200000000000000000e+04 4.060196260979864746e-06 7.385036496998509392e-06 1.860143584053730592e-06 2.447095766910933889e-06 2.945531605291762389e-06 8.710259180588764139e-07 1.084527184502803721e-06 3.492728808396350360e-07 5.654665073961950839e-07 2.760563347692368552e-06 6.208807462826371193e-06 3.332026153657352552e-06 4.261070216671214439e-07 2.512963192202732898e-06 4.060196260979864746e-06 7.385036496998509392e-06 1.860143584053730592e-06 2.447095766910933889e-06 2.945531605291762389e-06 8.710259180588764139e-07 1.084527184502803721e-06 3.492728808396350360e-07 5.654665073961950839e-07 2.760563347692368552e-06 6.208807462826371193e-06 3.332026153657352552e-06 4.261070216671214439e-07 2.512963192202732898e-06
5.300000000000000000e+04 6.167055744299432263e-06 9.872689588519278914e-06 2.744996891124173999e-06 4.088778950972482562e-06 6.034689249645452946e-06 1.729557766338984948e-06 1.622692593628016766e-06 1.174846488538605627e-06 6.200353368512878660e-07 8.310445991810411215e-06 8.178632924682460725e-06 1.976903831746312790e-06 1.079665707948151976e-06 3.959321020374773070e-06 6.167055744299432263e-06 9.872689588519278914e-06 2.744996891124173999e-06 4.088778950972482562e-06 6.034689249645452946e-06 1.729557766338984948e-06 1.622692593628016766e-06 1.174846488538605627e-06 6.200353368512878660e-07 8.310445991810411215e-06 8.178632924682460725e-06 1.976903831746312790e-06 1.079665707948151976e-06 3.959321020374773070e-06
5.400000000000000000e+04 2.614619688756647520e-06 3.018927827724837698e-06 1.445899897589697503e-06 1.405165903634042479e-06 7.686857657063228544e-07 6.263995828703627922e-07 5.413009489529940765e-07 3.189677499904064462e-08 3.525728970998898149e-07 1.117710326070664451e-06 1.201214217871893197e-06 1.919082421864004573e-07 1.860146880972024519e-07 3.513679303068784066e-07 2.614619688756647520e-06 3.018927827724837698e-06 1.445899897589697503e-06 1.405165903634042479e-06 7.686857657063228544e-07 6.263995828703627922e-07 5.413009489529940765e-07 3.189677499904064462e-08 3.525728970998898149e-07 1.117710326070664451e-06 1.201214217871893197e-06 1.919082421864004573e-07 1.860146880972024519e-07 3.513679303068784066e-07
5.500000000000000000e+04 3.981068857683567330e-06 9.297340511693619192e-06 4.209474354865960777e-06 5.324349785951199010e-06 2.012960749198100530e-06 1.028456495077989530e-06 3.015876188783295220e-07 2.337590245815590606e-07 7.731260325272160117e-07 3.205838766007218510e-06 3.135039605695055798e-06 1.001876981376881304e-07 4.751113067413825775e-07 1.064561638486338779e-05 3.981068857683567330e-06 9.297340511693619192e-06 4.209474354865960777e-06 5.324349785951199010e-06 2.012960749198100530e-06 1.028456495077989530e-06 3.015876188783295220e-07 2.337590245815590606e-07 7.731260325272160117e-07 3.205838766007218510e-06 3.135039605695055798e-06 1.001876981376881304e-07 4.751113067413825775e-07 1.064561638486338779e-05
5.600000000000000000e+04 2.729947027546586469e-06 3.615341938711935654e-06 1.670401388764730655e-06 1.622484205654473044e-06 1.332509441454021726e-06 1.297873836847429629e-06 5.341665314517740626e-07 2.194277115563636471e-08 6.607614295717212372e-07 3.542303375070332550e-06 1.651307002248358913e-06 4.146857008890947327e-07 3.474013965387712233e-07 1.175127977148804348e-06 2.729947027546586469e-06 3.615341938711935654e-06 1.670401388764730655e-06 1.622484205654473044e-06 1.332509441454021726e-06 1.297873836847429629e-06 5.341665314517740626e-07 2.194277115563636471e-08 6.607614295717212372e-07 3.542303375070332550e-06 1.651307002248358913e-06 4.146857008890947327e-07 3.474013965387712233e-07 1.175127977148804348e-06
5.700000000000000000e+04 4.841792815568624064e-06 3.615142531998571940e-06 2.426278797429404221e-06 2.359354311920469627e-06 9.748913498697220348e-07 6.493438604593393393e-07 5.619278340418532025e-07 3.497447096378891729e-07 2.980995645884831902e-07 6.788943665014812723e-06 1.321272407039941754e-06 1.899123081017251025e-09 3.422929353291692678e-07 8.452333304376224987e-07 4.841792815568624064e-06 3.615142531998571940e-06 2.426278797429404221e-06 2.359354311920469627e-06 9.748913498697220348e-07 6.493438604593393393e-07 5.619278340418532025e-07 3.497447096378891729e-07 2.980995645884831902e-07 6.788943665014812723e-06 1.321272407039941754e-06 1.899123081017251025e-09 3.422929353291692678e-07 8.452333304376224987e-07
5.800000000000000000e+04 2.162179498554905877e-06 2.580236241556121968e-06 1.305304863308265340e-06 1.142215523941558786e-06 7.280011686816578731e-07 5.964216711618064437e-07 3.825128374046471436e-07 1.972902730074110877e-08 3.991992514329467667e-07 6.190317662913003005e-07 9.747449212227365933e-07 6.213550562961245305e-09 2.155952927296311827e-07 9.278817714175602305e-08 2.162179498554905877e-06 2.580236241556121968e-06 1.305304863308265340e-06 1.142215523941558786e-06 7.280011686816578731e-07 5.964216711618064437e-07 3.825128374046471436e-07 1.972902730074110877e-08 3.991992514329467667e-07 6.190317662913003005e-07 9.747449212227365933e-07 6.213550562961245305e-09 2.155952927296311827e-07 9.278817714175602305e-08
5.900000000000000000e+04 2.129131098627112806e-05 8.777249604463577271e-06 8.027599506021942943e-06 9.804530236579012126e-06 4.029646788694662973e-06 6.098409244259528350e-07 9.124315738517907448e-07 3.818677669187309220e-06 5.337628863344434649e-07 2.926095839939080179e-05 1.307069169342867099e-06 2.451114141877042130e-06 2.284379206685116515e-06 4.396594199818082416e-09 2.129131098627112806e-05 8.777249604463577271e-06 8.027599506021942943e-06 9.804530236579012126e-06 4.029646788694662973e-06 6.098409244259528350e-07 9.124315738517907448e-07 3.818677669187309220e-06 5.337628863344434649e-07 2.926095839939080179e-05 1.307069169342867099e-06 2.451114141877042130e-06 2.284379206685116515e-06 4.396594199818082416e-09
6.000000000000000000e+04 2.132382633135421202e-06 2.609134526210254990e-06 1.315473355134599842e-06 1.127432824432617053e-06 7.945282618493365590e-07 5.799168434350576717e-07 3.578464031761541264e-07 2.201213256114442629e-08 4.302860645566397579e-07 6.569035804204759188e-07 1.168136122942087241e-06 2.069601805487764068e-07 2.471007292115245946e-07 7.679301639029745274e-09 2.132382633135421202e-06 2.609134526210254990e-06 1.315473355134599842e-06 1.127432824432617053e-06 7.945282618493365590e-07 5.799168434350576717e-07 3.578464031761541264e-07 2.201213256114442629e-08 4.302860645566397579e-07 6.569035804204759188e-07 1.168136122942087241e-06 2.069601805487764068e-07 2.471007292115245946e-07 7.679301639029745274e-09
6.100000000000000000e+04 2.877795850508846343e-06 2.908935584855498746e-06 1.772733867255738005e-06 1.599992060619115364e-06 1.044379246195603628e-06 5.607574280475091655e-07 2.837485624240798643e-07 3.612815646647504764e-07 3.819624794232368004e-07 3.597644081310136244e-06 1.216050691255077254e-06 3.878956533753807889e-08 3.633549567894078791e-07 4.594069196173222736e-07 2.877795850508846343e-06 2.908935584855498746e-06 1.772733867255738005e-06 1.599992060619115364e-06 1.044379246195603628e-06 5.607574280475091655e-07 2.837485624240798643e-07 3.612815646647504764e-07 3.819624794232368004e-07 3.597644081310136244e-06 1.216050691255077254e-06 3.878956533753807889e-08 3.633549567894078791e-07 4.594069196173222736e-07
6.200000000000000000e+04 3.065729060836019926e-06 4.583195732266176492e-06 2.790194457702455111e-06 2.119382997989305295e-06 1.194824449157749768e-06 6.416603355319239199e-07 6.761665076737699565e-07 8.530020778607649845e-08 4.481105122522421880e-07 1.002954491013952065e-06 1.802973429221310653e-06 1.575933197273116093e-06 2.293155461075002677e-07 1.563750174682354555e-06 3.065729060836019926e-06 4.583195732266176492e-06 2.790194457702455111e-06 2.119382997989305295e-06 1.194824449157749768e-06 6.416603355319239199e-07 6.761665076737699565e-07 8.530020778607649845e-08 4.481105122522421880e-07 1.002954491013952065e-06 1.802973429221310653e-06 1.575933197273116093e-06 2.293155461075002677e-07 1.563750174682354555e-06
6.300000000000000000e+04 1.333837190031772479e-05 1.708279341983143240e-05 1.230245652550365776e-05 8.997613804240245372e-06 4.148535481363069266e-06 2.155460606445558369e-06 2.228772018497693352e-06 5.028740019952238072e-07 1.113314056055969559e-06 2.786273762467317283e-05 6.917827704455703497e-06 1.637794775888323784e-05 1.027261760100373067e-06 6.736597242706920952e-06 1.333837190031772479e-05 1.708279341983143240e-05 1.230245652550365776e-05 8.997613804240245372e-06 4.148535481363069266e-06 2.155460606445558369e-06 2.228772018497693352e-06 5.028740019952238072e-07 1.113314056055969559e-06 2.786273762467317283e-05 6.917827704455703497e-06 1.637794775888323784e-05 1.027261760100373067e-06 6.736597242706920952e-06
6.400000000000000000e+04 3.442765091676847078e-06 6.523320280393818393e-06 5.777858405053848401e-06 4.611637450580019504e-06 1.141611505772743840e-06 5.314279292178980540e-07 1.961291076213456108e-07 9.271769130236862111e-08 5.379928893489704933e-07 1.678608896327205002e-06 1.859247049651457928e-06 3.120860725402962998e-08 3.464960229848657036e-07 1.053890809998847544e-05 3.442765091676847078e-06 6.523320280393818393e-06 5.777858405053848401e-06 4.611637450580019504e-06 1.141611505772743840e-06 5.314279292178980540e-07 1.961291076213456108e-07 9.271769130236862111e-08 5.379928893489704933e-07 1.678608896327205002e-06 1.859247049651457928e-06 3.120860725402962998e-08 3.464960229848657036e-07 1.053890809998847544e-05
6.500000000000000000e+04 3.009713509527500719e-06 6.016323823132552207e-06 3.313213028377504088e-06 3.116645075351698324e-06 1.894394358714635018e-06 8.365151984435215127e-07 1.338516426585556474e-06 1.491020640287388233e-07 8.312680961353180464e-07 2.298846993653569371e-06 2.807277951433206908e-06 8.965813321992754936e-06 6.493293085441109724e-07 9.162648666460881941e-07 3.009713509527500719e-06 6.016323823132552207e-06 3.313213028377504088e-06 3.116645075351698324e-06 1.894394358714635018e-06 8.365151984435215127e-07 1.338516426585556474e-06 1.491020640287388233e-07 8.312680961353180464e-07 2.298846993653569371e-06 2.807277951433206908e-06 8.965813321992754936e-06 6.493293085441109724e-07 9.162648666460881941e-07
6.600000000000000000e+04 2.585655010989285074e-06 2.921548912127036601e-06 1.330386794506921433e-06 9.832942851062398404e-07 9.508891594123269897e-07 5.706739329980337061e-07 6.437664410441357177e-07 2.080325423037265864e-08 3.731908577719877940e-07 6.531912504215142690e-07 1.026969130180077627e-06 9.475060096519882791e-07 2.658259745658142492e-07 7.039173688383471017e-09 2.585655010989285074e-06 2.921548912127036601e-06 1.330386794506921433e-06 9.832942851062398404e-07 9.508891594123269897e-07 5.706739329980337061e-07 6.437664410441357177e-07 2.080325423037265864e-08 3.731908577719877940e-07 6.531912504215142690e-07 1.026969130180077627e-06 9.475060096519882791e-07 2.658259745658142492e-07 7.039173688383471017e-09
6.700000000000000000e+04 2.739579258559388109e-06 2.961875907203648239e-06 1.551668788124516141e-06 1.341559936918201856e-06 1.393869183630158659e-06 5.440647328214254230e-07 2.086294870196070406e-07 3.288023435743525624e-07 5.022577056479349267e-07 2.865280976038775407e-06 1.848113470259704627e-06 3.659518910126280389e-08 4.049830693020339822e-07 3.120970859527005814e-08 2.739579258559388109e-06 2.961875907203648239e-06 1.551668788124516141e-06 1.341559936918201856e-06 1.393869183630158659e-06 5.440647328214254230e-07 2.086294870196070406e-07 3.288023435743525624e-07 5.022577056479349267e-07 2.865280976038775407e-06 1.848113470259704627e-06 3.659518910126280389e-08 4.049830693020339822e-07 3.120970859527005814e-08
6.800000000000000000e+04 5.880867774976650253e-06 8.592374797444790602e-06 8.003218681551516056e-06 6.624938123422907665e-06 1.595847265889460687e-06 7.205991323644411750e-07 9.235107540916942526e-07 1.917600457090884447e-06 2.826418779022787930e-07 1.646158852963708341e-05 1.500050188951718155e-06 1.527250219623965677e-07 1.099002929549897090e-06 1.342002542514819652e-05 5.880867774976650253e-06 8.592374797444790602e-06 8.003218681551516056e-06 6.624938123422907665e-06 1.595847265889460687e-06 7.205991323644411750e-07 9.235107540916942526e-07 1.917600457090884447e-06 2.826418779022787930e-07 1.646158852963708341e-05 1.500050188951718155e-06 1.527250219623965677e-07 1.099002929549897090e-06 1.342002542514819652e-05
6.900000000000000000e+04 1.829951770560001023e-06 2.588061761343851686e-06 1.387867087032645941e-06 1.121139689530536998e-06 7.125327670109982137e-07 5.062951800027803984e-07 4.937599555887572933e-07 3.531115311261601164e-08 3.532263974648230942e-07 5.690828857041196898e-07 9.003378522720595356e-07 7.595804163429420441e-07 2.374352021661252365e-07 5.244324370323738549e-07 1.829951770560001023e-06 2.588061761343851686e-06 1.387867087032645941e-06 1.121139689530536998e-06 7.125327670109982137e-07 5.062951800027803984e-07 4.937599555887572933e-07 3.531115311261601164e-08 3.532263974648230942e-07 5.690828857041196898e-07 9.003378522720595356e-07 7.595804163429420441e-07 2.374352021661252365e-07 5.244324370323738549e-07
7.000000000000000000e+04 1.802104407033766620e-06 2.217450173702673055e-06 1.172896645584842190e-06 9.087086709769209847e-07 6.992230510149965994e-07 5.059623049419315066e-07 4.447950345820572693e-07 3.345741816929148627e-08 2.671515915153577225e-07 5.890292413823772222e-07 7.859420065869926475e-07 9.245050591744075064e-08 1.846180026632282534e-07 1.078916511687566526e-07 1.802104407033766620e-06 2.217450173702673055e-06 1.172896645584842190e-06 9.087086709769209847e-07 6.992230510149965994e-07 5.059623049419315066e-07 4.447950345820572693e-07 3.345741816929148627e-08 2.671515915153577225e-07 5.890292413823772222e-07 7.859420065869926475e-07 9.245050591744075064e-08 1.846180026632282534e-07 1.078916511687566526e-07
7.100000000000000000e+04 2.770183982647722587e-06 4.827227257919730619e-06 2.850455757652525790e-06 2.679124008864164352e-06 8.068095098678895738e-07 5.108225309413683135e-07 5.201663952902890742e-07 3.878687593328322691e-08 2.961575944482319755e-07 1.224649622599827126e-06 9.372542990604415536e-07 5.998462029310758226e-07 2.037568265222944319e-07 4.754702786158304662e-06 2.770183982647722587e-06 4.827227257919730619e-06 2.850455757652525790e-06 2.679124008864164352e-06 8.068095098678895738e-07 5.108225309413683135e-07 5.201663952902890742e-07 3.878687593328322691e-08 2.961575944482319755e-07 1.224649622599827126e-06 9.372542990604415536e-07 5.998462029310758226e-07 2.037568265222944319e-07 4.754702786158304662e-06
7.200000000000000000e+04 2.666698946995893493e-06 4.359947979537537321e-06 3.071615310545894317e-06 2.465410716467886232e-06 8.755871476751053706e-07 5.242237648417358287e-07 5.900841983930149581e-07 2.658205211503172904e-08 3.040761100692179753e-07 1.166958895737479907e-06 1.018523221318901051e-06 3.058092090668651508e-07 2.035453974258416565e-07 3.954549356421921402e-06 2.666698946995893493e-06 4.359947979537537321e-06 3.071615310545894317e-06 2.465410716467886232e-06 8.755871476751053706e-07 5.242237648417358287e-07 5.900841983930149581e-07 2.658205211503172904e-08 3.040761100692179753e-07 1.166958895737479907e-06 1.018523221318901051e-06 3.058092090668651508e-07 2.035453974258416565e-07 3.954549356421921402e-06
7.300000000000000000e+04 7.496004855056526139e-06 6.989622306718956679e-06 8.146660547936335206e-06 6.852692422398831695e-06 1.717322220429196022e-06 1.469724566049990244e-06 6.278102659962314647e-07 3.519836354826111346e-06 4.483673876620741794e-07 4.087391425855457783e-05 1.590345164004247636e-06 1.961338966793846339e-06 1.938095465447986498e-06 2.864860334739205427e-06 7.496004855056526139e-06 6.989622306718956679e-06 8.146660547936335206e-06 6.852692422398831695e-06 1.717322220429196022e-06 1.469724566049990244e-06 6.278102659962314647e-07 3.519836354826111346e-06 4.483673876620741794e-07 4.087391425855457783e-05 1.590345164004247636e-06 1.961338966793846339e-06 1.938095465447986498e-06 2.864860334739205427e-06
7.400000000000000000e+04 6.780011972296051681e-06 7.965085387695580721e-06 4.287543561076745391e-06 1.713402980385581031e-06 8.686452019901480526e-06 1.833272108342498541e-06 3.291252426151913824e-07 1.291817284254648257e-06 1.675186581451271195e-06 8.680130122229456902e-06 1.587161204952280968e-05 2.309883768703002715e-07 1.449116439289355185e-06 2.540504283388145268e-06 6.780011972296051681e-06 7.965085387695580721e-06 4.287543561076745391e-06 1.713402980385581031e-06 8.686452019901480526e-06 1.833272108342498541e-06 3.291252426151913824e-07 1.291817284254648257e-06 1.675186581451271195e-06 8.680130122229456902e-06 1.587161204952280968e-05 2.309883768703002715e-07 1.449116439289355185e-06 2.540504283388145268e-06
7.500000000000000000e+04 2.895568513849866576e-06 3.541583282640203834e-06 2.032838438026374206e-06 1.923146101034944877e-06 9.844380883805570193e-07 4.588132185290305642e-07 4.969580231772852130e-07 7.414033120767271612e-08 6.727260597472195514e-07 1.131265207732212730e-06 1.929474819917231798e-06 3.440020691414247267e-06 4.642113253794377670e-07 2.942302401720553462e-08 2.895568513849866576e-06 3.541583282640203834e-06 2.032838438026374206e-06 1.923146101034944877e-06 9.844380883805570193e-07 4.588132185290305642e-07 4.969580231772852130e-07 7.414033120767271612e-08 6.727260597472195514e-07 1.131265207732212730e-06 1.929474819917231798e-06 3.440020691414247267e-06 4.642113253794377670e-07 2.942302401720553462e-08
7.600000000000000000e+04 2.594739271444268525e-06 3.323358214402105659e-06 2.135402382918982767e-06 1.783039806468877941e-06 6.565533681168744806e-07 5.733933789997536223e-07 3.203179801403166493e-07 2.842651838363963179e-07 3.352803332745679654e-07 4.148459083808120340e-06 7.493015345971798524e-07 9.715574122992620687e-08 3.296357817816897295e-07 1.236000116477953270e-06 2.594739271444268525e-06 3.323358214402105659e-06 2.135402382918982767e-06 1.783039806468877941e-06 6.565533681168744806e-07 5.733933789997536223e-07 3.203179801403166493e-07 2.842651838363963179e-07 3.352803332745679654e-07 4.148459083808120340e-06 7.493015345971798524e-07 9.715574122992620687e-08 3.296357817816897295e-07 1.236000116477953270e-06
7.700000000000000000e+04 1.663045736677304376e-06 2.263219130327343009e-06 1.365797174912586343e-06 9.899018778014578857e-07 7.097215188878180925e-07 4.751745734665746568e-07 3.935255392661929363e-07 8.446374266668499331e-08 3.424041210564610083e-07 9.036336336976091843e-07 1.011221229418879375e-06 9.942417591446428560e-07 1.877753703638518346e-07 2.334243909274391626e-09 1.663045736677304376e-06 2.263219130327343009e-06 1.365797174912586343e-06 9.899018778014578857e-07 7.097215188878180925e-07 4.751745734665746568e-07 3.935255392661929363e-07 8.446374266668499331e-08 3.424041210564610083e-07 9.036336336976091843e-07 1.011221229418879375e-06 9.942417591446428560e-07 1.877753703638518346e-07 2.334243909274391626e-09
7.800000000000000000e+04 6.290773853834252805e-06 1.993117621168494225e-05 1.044354030454996973e-05 1.021674506773706526e-05 4.218963567836908624e-06 1.110940843318530824e-06 2.542305082897655666e-06 1.968884504321977147e-07 2.561198016337584704e-06 4.433384219737490639e-06 8.455448551103472710e-06 3.958600791520439088e-05 1.739433514558186289e-06 9.853931715042563155e-07 6.290773853834252805e-06 1.993117621168494225e-05 1.044354030454996973e-05 1.021674506773706526e-05 4.218963567836908624e-06 1.110940843318530824e-06 2.542305082897655666e-06 1.968884504321977147e-07 2.561198016337584704e-06 4.433384219737490639e-06 8.455448551103472710e-06 3.958600791520439088e-05 1.739433514558186289e-06 9.853931715042563155e-07
7.900000000000000000e+04 1.612473170098382980e-06 2.031377562161651440e-06 1.321975446444412228e-06 9.059452281690028030e-07 6.382401807059068233e-07 4.826887902709131595e-07 3.722976202880090568e-07 2.637820095685583510e-08 3.173163349856622517e-07 5.599558789981529117e-07 6.533141458930913359e-07 6.133554109055694425e-08 2.044917835064552492e-07 1.062798293816058504e-08 1.612473170098382980e-06 2.031377562161651440e-06 1.321975446444412228e-06 9.059452281690028030e-07 6.382401807059068233e-07 4.826887902709131595e-07 3.722976202880090568e-07 2.637820095685583510e-08 3.173163349856622517e-07 5.599558789981529117e-07 6.533141458930913359e-07 6.133554109055694425e-08 2.044917835064552492e-07 1.062798293816058504e-08
8.000000000000000000e+04 1.546574480926210526e-06 1.837841182350530289e-06 1.070364987754146568e-06 7.604210736644745339e-07 6.262454235184122808e-07 4.622592371106293285e-07 2.781003445306851063e-07 2.957705014239309094e-08 3.047386485377501231e-07 7.204942562566429842e-07 7.313404921660549007e-07 2.494306983180649695e-08 1.727172218579653418e-07 7.483357933324441547e-08 1.546574480926210526e-06 1.837841182350530289e-06 1.070364987754146568e-06 7.604210736644745339e-07 6.262454235184122808e-07 4.622592371106293285e-07 2.781003445306851063e-07 2.957705014239309094e-08 3.047386485377501231e-07 7.204942562566429842e-07 7.313404921660549007e-07 2.494306983180649695e-08 1.727172218579653418e-07 7.483357933324441547e-08
8.100000000000000000e+04 1.522871457382279914e-06 1.834571662584494334e-06 1.134575427386153024e-06 7.832012443031999283e-07 6.378514854077366181e-07 4.537655229341908125e-07 4.038603549361141631e-07 5.288436355499470665e-08 2.668762135726865381e-07 6.507679586320591625e-07 7.696755233155272435e-07 1.281921839790811646e-07 1.596490903921221616e-07 2.624461359346241807e-08 1.522871457382279914e-06 1.834571662584494334e-06 1.134575427386153024e-06 7.832012443031999283e-07 6.378514854077366181e-07 4.537655229341908125e-07 4.038603549361141631e-07 5.288436355499470665e-08 2.668762135726865381e-07 6.507679586320591625e-07 7.696755233155272435e-07 1.281921839790811646e-07 1.596490903921221616e-07 2.624461359346241807e-08
8.200000000000000000e+04 2.116218411174486391e-06 1.891810484266898129e-06 1.270943698727933224e-06 8.015812227313290350e-07 6.777844987482239958e-07 4.647988305350736482e-07 2.885976755351293832e-07 1.585598994324755040e-07 3.541749151736439671e-07 2.034872295553213917e-06 8.260093409262481146e-07 1.270971239364371286e-07 2.963445524528651731e-07 4.757318805559407338e-08 2.116218411174486391e-06 1.891810484266898129e-06 1.270943698727933224e-06 8.015812227313290350e-07 6.777844987482239958e-07 4.647988305350736482e-07 2.885976755351293832e-07 1.585598994324755040e-07 3.541749151736439671e-07 2.034872295553213917e-06 8.260093409262481146e-07 1.270971239364371286e-07 2.963445524528651731e-07 4.757318805559407338e-08
8.300000000000000000e+04 5.713385689887218177e-06 1.453414915886241943e-05 8.221153620979748666e-06 7.211303000076441094e-06 1.185596033792535309e-06 5.036828270021942444e-07 3.732060065431141993e-07 3.777405481741880067e-07 4.256648082900937879e-07 4.058430022269021720e-06 6.061031854187604040e-07 1.115281293095904402e-06 3.377261350578919519e-07 1.301687461818801239e-05 5.713385689887218177e-06 1.453414915886241943e-05 8.221153620979748666e-06 7.211303000076441094e-06 1.185596033792535309e-06 5.036828270021942444e-07 3.732060065431141993e-07 3.777405481741880067e-07 4.256648082900937879e-07 4.058430022269021720e-06 6.061031854187604040e-07 1.115281293095904402e-06 3.377261350578919519e-07 1.301687461818801239e-05
8.400000000000000000e+04 2.386583219049498439e-06 3.063096983169089071e-06 2.374884388700593263e-06 1.287963527829560917e-06 1.572078417666489258e-06 3.891268534061964601e-07 1.143059762398479506e-07 5.885172527086979244e-07 5.980612058920087293e-07 5.904538738832343370e-06 3.074733740504598245e-06 7.196242535201236024e-08 6.003091357342782430e-07 1.881793650682084262e-06 2.386583219049498439e-06 3.063096983169089071e-06 2.374884388700593263e-06 1.287963527829560917e-06 1.572078417666489258e-06 3.891268534061964601e-07 1.143059762398479506e-07 5.885172527086979244e-07 5.980612058920087293e-07 5.904538738832343370e-06 3.074733740504598245e-06 7.196242535201236024e-08 6.003091357342782430e-07 1.881793650682084262e-06
8.500000000000000000e+04 5.229225735092768446e-06 9.392831998411566019e-06 7.327390449063386768e-06 6.823891453677788377e-06 8.434217306785285473e-07 5.620053684651793446e-07 3.238130830141017213e-07 8.604479830864875112e-07 2.351095673702729982e-07 1.262981641048099846e-05 1.519462330179521814e-06 2.739990065947495168e-07 5.402246188168646768e-07 1.270904249395243824e-05 5.229225735092768446e-06 9.392831998411566019e-06 7.327390449063386768e-06 6.823891453677788377e-06 8.434217306785285473e-07 5.620053684651793446e-07 3.238130830141017213e-07 8.604479830864875112e-07 2.351095673702729982e-07 1.262981641048099846e-05 1.519462330179521814e-06 2.739990065947495168e-07 5.402246188168646768e-07 1.270904249395243824e-05
8.600000000000000000e+04 4.338177404861198738e-06 6.733057034580269828e-06 5.963175681245047599e-06 5.664334821631200612e-06 9.108751441999629606e-07 5.100404791846813168e-07 3.125635146261629416e-07 6.623846360298557556e-08 3.729986701728194021e-07 1.606717660251888447e-06 7.675710094190435484e-07 1.200688302560593002e-06 1.636944517713345704e-07 1.007256742013851181e-05 4.338177404861198738e-06 6.733057034580269828e-06 5.963175681245047599e-06 5.664334821631200612e-06 9.108751441999629606e-07 5.100404791846813168e-07 3.125635146261629416e-07 6.623846360298557556e-08 3.729986701728194021e-07 1.606717660251888447e-06 7.675710094190435484e-07 1.200688302560593002e-06 1.636944517713345704e-07 1.007256742013851181e-05
8.700000000000000000e+04 1.669488483457826078e-06 2.326289632037514821e-06 1.552553271721990313e-06 1.074841520676272921e-06 8.531887374374491628e-07 4.079134612311463570e-07 4.466781433620781172e-07 1.808021892202305025e-07 2.802387371048098430e-07 1.311636992795683909e-06 1.192234435620775912e-06 7.242877018143190071e-07 2.066520465859866817e-07 4.559805404369399184e-07 1.669488483457826078e-06 2.326289632037514821e-06 1.552553271721990313e-06 1.074841520676272921e-06 8.531887374374491628e-07 4.079134612311463570e-07 4.466781433620781172e-07 1.808021892202305025e-07 2.802387371048098430e-07 1.311636992795683909e-06 1.192234435620775912e-06 7.242877018143190071e-07 2.066520465859866817e-07 4.559805404369399184e-07
8.800000000000000000e+04 4.555518898996524513e-06 7.750375516479834914e-06 6.543371455336455256e-06 5.257282737147761509e-06 1.595355911376827862e-06 4.003312881195597583e-07 1.452061013651473331e-07 1.006084858090616763e-06 4.736034782126807841e-07 1.323091419180855155e-05 1.228337168868165463e-06 1.682749939391214866e-06 8.157442152878502384e-07 6.244338237593183294e-06 4.555518898996524513e-06 7.750375516479834914e-06 6.543371455336455256e-06 5.257282737147761509e-06 1.595355911376827862e-06 4.003312881195597583e-07 1.452061013651473331e-07 1.006084858090616763e-06 4.736034782126807841e-07 1.323091419180855155e-05 1.228337168868165463e-06 1.682749939391214866e-06 8.157442152878502384e-07 6.244338237593183294e-06
8.900000000000000000e+04 6.203709290275583044e-06 6.356789526762440801e-06 2.747492771959514357e-06 2.115935103574884124e-06 2.157817107217852026e-06 6.221054604793607723e-07 8.532522883797355462e-07 6.942667596376850270e-08 3.218994777398620499e-07 5.338210939953569323e-06 5.709009656129637733e-06 1.709447730036117719e-07 2.157927951884630602e-07 2.959932317025959492e-06 6.203709290275583044e-06 6.356789526762440801e-06 2.747492771959514357e-06 2.115935103574884124e-06 2.157817107217852026e-06 6.221054604793607723e-07 8.532522883797355462e-07 6.942667596376850270e-08 3.218994777398620499e-07 5.338210939953569323e-06 5.709009656129637733e-06 1.709447730036117719e-07 2.157927951884630602e-07 2.959932317025959492e-06
9.000000000000000000e+04 1.561899011903733481e-06 1.955789684870978817e-06 1.285001417272724211e-06 1.027095436256786343e-06 5.652192385241505690e-07 3.724201178556540981e-07 3.053687578358221799e-07 2.070456872615977773e-08 2.495382318556949031e-07 6.183591949593392201e-07 5.580249649028701242e-07 2.944045895958424808e-08 1.381379917120284517e-07 8.476857260575343389e-07 1.561899011903733481e-06 1.955789684870978817e-06 1.285001417272724211e-06 1.027095436256786343e-06 5.652192385241505690e-07 3.724201178556540981e-07 3.053687578358221799e-07 2.070456872615977773e-08 2.495382318556949031e-07 6.183591949593392201e-07 5.580249649028701242e-07 2.944045895958424808e-08 1.381379917120284517e-07 8.476857260575343389e-07
9.100000000000000000e+04 4.795339464180869982e-06 6.182453489600447938e-06 3.718605057656532153e-06 2.175373765567201190e-06 5.826789220009231940e-06 6.714502092108887155e-07 1.408774892297515180e-06 2.416286406514700502e-06 5.010564336771494709e-07 1.162528860731981695e-05 9.588849934516474605e-06 1.917796197403731639e-07 1.472087888032547198e-06 2.928373305621789768e-06 4.795339464180869982e-06 6.182453489600447938e-06 3.718605057656532153e-06 2.175373765567201190e-06 5.826789220009231940e-06 6.714502092108887155e-07 1.408774892297515180e-06 2.416286406514700502e-06 5.010564336771494709e-07 1.162528860731981695e-05 9.588849934516474605e-06 1.917796197403731639e-07 1.472087888032547198e-06 2.928373305621789768e-06
9.200000000000000000e+04 1.275592580896045547e-06 1.568474203850200865e-06 9.126253530666872393e-07 6.736563591402955353e-07 5.570382199948653579e-07 3.645831441190239275e-07 2.983974809467326850e-07 3.047639296482884674e-08 2.275339596735648229e-07 5.554838367061165627e-07 5.477487547977943905e-07 4.312035103981592954e-12 1.516219469976931578e-07 1.317120563726348337e-07 1.275592580896045547e-06 1.568474203850200865e-06 9.126253530666872393e-07 6.736563591402955353e-07 5.570382199948653579e-07 3.645831441190239275e-07 2.983974809467326850e-07 3.047639296482884674e-08 2.275339596735648229e-07 5.554838367061165627e-07 5.477487547977943905e-07 4.312035103981592954e-12 1.516219469976931578e-07 1.317120563726348337e-07
9.300000000000000000e+04 2.652246621437370777e-06 6.169771495478926226e-06 1.861269652181363199e-06 2.252244257761049084e-06 1.344662905466975644e-06 3.299043100923881866e-07 3.814137414792639902e-07 1.447851190050641890e-07 6.625021455874957610e-07 1.542034851809148677e-06 2.690883093237061985e-06 6.516756911878474057e-06 2.900490585489023943e-07 1.510052470621303655e-06 2.652246621437370777e-06 6.169771495478926226e-06 1.861269652181363199e-06 2.252244257761049084e-06 1.344662905466975644e-06 3.299043100923881866e-07 3.814137414792639902e-07 1.447851190050641890e-07 6.625021455874957610e-07 1.542034851809148677e-06 2.690883093237061985e-06 6.516756911878474057e-06 2.900490585489023943e-07 1.510052470621303655e-06
9.400000000000000000e+04 1.842231540649663657e-06 2.873817265935940668e-06 1.140811491495696828e-06 9.717493867356097326e-07 7.481635293515864760e-07 3.371332866208831547e-07 1.758189966949430527e-07 2.336294180338427395e-08 4.003295543952845037e-07 6.100503924244549125e-07 9.974157819669926539e-07 1.163527144854015205e-06 1.644750966534047620e-07 5.331835239985593944e-08 1.842231540649663657e-06 2.873817265935940668e-06 1.140811491495696828e-06 9.717493867356097326e-07 7.481635293515864760e-07 3.371332866208831547e-07 1.758189966949430527e-07 2.336294180338427395e-08 4.003295543952845037e-07 6.100503924244549125e-07 9.974157819669926539e-07 1.163527144854015205e-06 1.644750966534047620e-07 5.331835239985593944e-08
9.500000000000000000e+04 1.236247499036835507e-06 1.513852794232661836e-06 8.784036822362395469e-07 6.645655048487242311e-07 5.683012318513647188e-07 3.413338731661497150e-07 1.943483738386930781e-07 2.265816512192486698e-08 2.724131320519518340e-07 5.977270802759448998e-07 6.613322511839214712e-07 2.916783758966090545e-10 1.574470758214374655e-07 5.461875218770728679e-08 1.236247499036835507e-06 1.513852794232661836e-06 8.784036822362395469e-07 6.645655048487242311e-07 5.683012318513647188e-07 3.413338731661497150e-07 1.943483738386930781e-07 2.265816512192486698e-08 2.724131320519518340e-07 5.977270802759448998e-07 6.613322511839214712e-07 2.916783758966090545e-10 1.574470758214374655e-07 5.461875218770728679e-08
9.600000000000000000e+04 3.003062147399759851e-06 5.425337803899310529e-06 4.356728823040612042e-06 3.086277047259500250e-06 2.033931423284229822e-06 3.696496548855066067e-07 7.415549703182477970e-07 7.764325573589303531e-07 7.768747423142485786e-07 5.002957095712190494e-06 4.455466296349186450e-06 5.938773938396479934e-06 6.421212788154662121e-07 5.245401553111150861e-06 3.003062147399759851e-06 5.425337803899310529e-06 4.356728823040612042e-06 3.086277047259500250e-06 2.033931423284229822e-06 3.696496548855066067e-07 7.415549703182477970e-07 7.764325573589303531e-07 7.768747423142485786e-07 5.002957095712190494e-06 4.455466296349186450e-06 5.938773938396479934e-06 6.421212788154662121e-07 5.245401553111150861e-06
9.700000000000000000e+04 1.777404577296692878e-06 2.527282276787445880e-06 1.189680574498197529e-06 1.007467403724149335e-06 7.173483140832104255e-07 3.578544465199229307e-07 3.647711821486154804e-07 2.424208211948553071e-08 1.712801349640358239e-07 1.011736912914784625e-06 9.083730674319667742e-07 2.293659520091750892e-07 1.556214783704490401e-07 4.857922135670378339e-07 1.777404577296692878e-06 2.527282276787445880e-06 1.189680574498197529e-06 1.007467403724149335e-06 7.173483140832104255e-07 3.578544465199229307e-07 3.647711821486154804e-07 2.424208211948553071e-08 1.712801349640358239e-07 1.011736912914784625e-06 9.083730674319667742e-07 2.293659520091750892e-07 1.556214783704490401e-07 4.857922135670378339e-07
9.800000000000000000e+04 1.197844653688662220e-06 1.358988356514601037e-06 8.866117582329025026e-07 6.681128184027329553e-07 4.894426410828600638e-07 3.225337934509298066e-07 2.367911804412869969e-07 2.959863287799180398e-08 2.138548893526603933e-07 4.801411250809906051e-07 4.814680210074584465e-07 9.230801900628193835e-09 1.344636046951563912e-07 4.155556609930499690e-08 1.197844653688662220e-06 1.358988356514601037e-06 8.866117582329025026e-07 6.681128184027329553e-07 4.894426410828600638e-07 3.225337934509298066e-07 2.367911804412869969e-07 2.959863287799180398e-08 2.138548893526603933e-07 4.801411250809906051e-07 4.814680210074584465e-07 9.230801900628193835e-09 1.344636046951563912e-07 4.155556609930499690e-08
9.900000000000000000e+04 1.212983647747023497e-06 1.533111230855865870e-06 8.733920822123764083e-07 6.624713364544732030e-07 4.950741185894003138e-07 3.110262412064912496e-07 2.223909660870049265e-07 1.805828020451372140e-08 2.407657007097441237e-07 5.173300792193913367e-07 5.332260570867219940e-07 2.197076867105351994e-07 1.187708136285436922e-07 1.679656413955399330e-09 1.212983647747023497e-06 1.533111230855865870e-06 8.733920822123764083e-07 6.624713364544732030e-07 4.950741185894003138e-07 3.110262412064912496e-07 2.223909660870049265e-07 1.805828020451372140e-08 2.407657007097441237e-07 5.173300792193913367e-07 5.332260570867219940e-07 2.197076867105351994e-07 1.187708136285436922e-07 1.679656413955399330e-09
1.000000000000000000e+05 2.289723397552734241e-06 7.904714038886595517e-06 2.127562311216024682e-06 3.148389168927678838e-06 1.988677013287087902e-06 1.055174152497784235e-06 3.360542848440672969e-07 4.162224698234240350e-08 5.548113790609932039e-07 3.832848960882984102e-06 3.119105485893669538e-06 1.565187858432182111e-06 3.565644703940051841e-07 9.193352525471709669e-06 2.289723397552734241e-06 7.904714038886595517e-06 2.127562311216024682e-06 3.148389168927678838e-06 1.988677013287087902e-06 1.055174152497784235e-06 3.360542848440672969e-07 4.162224698234240350e-08 5.548113790609932039e-07 3.832848960882984102e-06 3.119105485893669538e-06 1.565187858432182111e-06 3.565644703940051841e-07 9.193352525471709669e-06
1.010000000000000000e+05 3.302066261312575080e-06 2.443058065182412975e-06 2.073330051644006744e-06 1.763314116942638066e-06 1.019894398268661462e-06 3.168852913404407445e-07 4.728311466806189856e-07 3.517409652431524592e-07 2.889601375954953255e-07 2.433071585983270779e-06 8.083156330940255430e-07 1.728115989862999413e-06 4.161388176271429984e-07 7.585793326825296390e-08 3.302066261312575080e-06 2.443058065182412975e-06 2.073330051644006744e-06 1.763314116942638066e-06 1.019894398268661462e-06 3.168852913404407445e-07 4.728311466806189856e-07 3.517409652431524592e-07 2.889601375954953255e-07 2.433071585983270779e-06 8.083156330940255430e-07 1.728115989862999413e-06 4.161388176271429984e-07 7.585793326825296390e-08
1.020000000000000000e+05 6.336812930385349318e-06 2.867634066205937415e-06 3.465841245997580700e-06 3.367299314049887471e-06 9.511625194136286154e-07 4.492547418522008229e-07 2.347349408182708430e-07 8.952526968641905114e-07 1.971886263163469266e-07 1.319796137977391481e-05 8.722759616830444429e-07 5.939684228906116914e-07 5.167202630218525883e-07 2.219147745563532226e-07 6.336812930385349318e-06 2.867634066205937415e-06 3.465841245997580700e-06 3.367299314049887471e-06 9.511625194136286154e-07 4.492547418522008229e-07 2.347349408182708430e-07 8.952526968641905114e-07 1.971886263163469266e-07 1.319796137977391481e-05 8.722759616830444429e-07 5.939684228906116914e-07 5.167202630218525883e-07 2.219147745563532226e-07
1.030000000000000000e+05 1.937414253916358575e-06 2.285258460688055493e-06 1.131329213421850000e-06 6.894426292092248332e-07 1.424608171873842366e-06 4.424911992373381509e-07 1.248521215302389464e-07 5.152073256908806798e-08 4.697103008766134735e-07 1.373030499962624162e-06 2.603389020805479959e-06 2.464707620219996898e-07 2.829987124641775154e-07 1.458097642625943990e-08 1.937414253916358575e-06 2.285258460688055493e-06 1.131329213421850000e-06 6.894426292092248332e-07 1.424608171873842366e-06 4.424911992373381509e-07 1.248521215302389464e-07 5.152073256908806798e-08 4.697103008766134735e-07 1.373030499962624162e-06 2.603389020805479959e-06 2.464707620219996898e-07 2.829987124641775154e-07 1.458097642625943990e-08
1.040000000000000000e+05 6.842545190011151135e-06 7.511465355491964146e-06 4.275867468095384538e-06 5.084069471195107326e-06 1.145829173765378073e-06 1.098565348911506590e-06 3.622615736276202369e-07 2.554621687522740103e-06 4.366024199953244533e-07 4.046843969263136387e-05 3.123899659840390086e-06 3.177331336701172404e-06 1.397898813593201339e-06 8.335417078342288733e-06 6.842545190011151135e-06 7.511465355491964146e-06 4.275867468095384538e-06 5.084069471195107326e-06 1.145829173765378073e-06 1.098565348911506590e-06 3.622615736276202369e-07 2.554621687522740103e-06 4.366024199953244533e-07 4.046843969263136387e-05 3.123899659840390086e-06 3.177331336701172404e-06 1.397898813593201339e-06 8.335417078342288733e-06
1.050000000000000000e+05 1.484486119807115756e-06 1.881321622931864113e-06 1.231621354236267507e-06 9.136055609815230127e-07 6.018476028657460120e-07 3.480182897419581423e-07 3.592925565953919431e-07 1.788522396850567020e-08 1.587039974992876523e-07 1.091178660317382310e-06 6.374321515068004373e-07 4.430372939623339335e-07 1.424861721943671000e-07 1.679110397390104481e-07 1.484486119807115756e-06 1.881321622931864113e-06 1.231621354236267507e-06 9.136055609815230127e-07 6.018476028657460120e-07 3.480182897419581423e-07 3.592925565953919431e-07 1.788522396850567020e-08 1.587039974992876523e-07 1.091178660317382310e-06 6.374321515068004373e-07 4.430372939623339335e-07 1.424861721943671000e-07 1.679110397390104481e-07
1.060000000000000000e+05 1.493781041972397361e-06 2.846022653102409095e-06 1.226814674737397581e-06 1.292426645704836119e-06 6.729818551320931874e-07 3.730022513082076330e-07 3.672036257285071770e-07 2.440790858315722289e-08 1.572936128013679991e-07 1.309721710640587844e-06 1.314871383328863885e-06 3.814527360646025045e-07 9.042904025591269601e-08 2.069449237751541659e-06 1.493781041972397361e-06 2.846022653102409095e-06 1.226814674737397581e-06 1.292426645704836119e-06 6.729818551320931874e-07 3.730022513082076330e-07 3.672036257285071770e-07 2.440790858315722289e-08 1.572936128013679991e-07 1.309721710640587844e-06 1.314871383328863885e-06 3.814527360646025045e-07 9.042904025591269601e-08 2.069449237751541659e-06
1.070000000000000000e+05 3.399983370400150307e-06 3.008123030667775311e-06 1.948223825820605271e-06 1.214952703776361886e-06 1.598852350070956163e-06 4.342571173765463755e-07 6.553373168571852148e-07 4.893112404147359484e-08 4.387846388453908730e-07 1.161769887403352186e-06 4.278671895008301362e-06 3.060863946302561089e-06 1.749684486185287824e-07 5.660543145324936631e-09 3.399983370400150307e-06 3.008123030667775311e-06 1.948223825820605271e-06 1.214952703776361886e-06 1.598852350070956163e-06 4.342571173765463755e-07 6.553373168571852148e-07 4.893112404147359484e-08 4.387846388453908730e-07 1.161769887403352186e-06 4.278671895008301362e-06 3.060863946302561089e-06 1.749684486185287824e-07 5.660543145324936631e-09
1.080000000000000000e+05 1.010485789265658241e-06 1.327883182966616005e-06 8.170837304533051793e-07 6.457883614530146588e-07 4.469074781354720471e-07 2.786533173093630467e-07 1.962135769417727715e-07 1.871563704014533869e-08 2.073566207627663971e-07 5.265274012344889343e-07 4.696145197158330120e-07 4.474877002280663874e-08 1.370060545013984665e-07 2.130887821749638533e-07 1.010485789265658241e-06 1.327883182966616005e-06 8.170837304533051793e-07 6.457883614530146588e-07 4.469074781354720471e-07 2.786533173093630467e-07 1.962135769417727715e-07 1.871563704014533869e-08 2.073566207627663971e-07 5.265274012344889343e-07 4.696145197158330120e-07 4.474877002280663874e-08 1.370060545013984665e-07 2.130887821749638533e-07
1.090000000000000000e+05 3.632558218669146299e-06 2.164657416869886220e-06 2.579296733529190533e-06 2.418591748210019432e-06 6.925257025613973383e-07 4.868579708272591233e-07 1.609308668548692367e-07 9.656218935560900718e-07 1.673448650763020851e-07 1.393969887431012467e-05 4.540571296729467576e-07 2.002768795250631229e-08 5.815061285829870030e-07 4.101395489897186053e-08 3.632558218669146299e-06 2.164657416869886220e-06 2.579296733529190533e-06 2.418591748210019432e-06 6.925257025613973383e-07 4.868579708272591233e-07 1.609308668548692367e-07 9.656218935560900718e-07 1.673448650763020851e-07 1.393969887431012467e-05 4.540571296729467576e-07 2.002768795250631229e-08 5.815061285829870030e-07 4.101395489897186053e-08
1.100000000000000000e+05 1.358028021058999002e-05 1.297251856158254668e-05 6.243542429729131982e-06 5.055501787865068763e-06 2.751273086687433533e-06 4.301321610000741202e-07 4.679529581608221633e-07 4.468160170745250070e-07 2.257199156474598567e-07 1.067478387994924560e-05 3.196269517502514645e-06 7.607380325680423994e-08 3.854565875371918082e-07 9.003869649859552737e-07 1.358028021058999002e-05 1.297251856158254668e-05 6.243542429729131982e-06 5.055501787865068763e-06 2.751273086687433533e-06 4.301321610000741202e-07 4.679529581608221633e-07 4.468160170745250070e-07 2.257199156474598567e-07 1.067478387994924560e-05 3.196269517502514645e-06 7.607380325680423994e-08 3.854565875371918082e-07 9.003869649859552737e-07
1.110000000000000000e+05 1.346462568108108826e-06 2.107896079905913211e-06 1.417422140548296738e-06 1.287709096686739940e-06 4.494147276545845671e-07 2.441920514684170485e-07 2.064551836156169884e-07 5.599128627409299952e-08 1.801727194106206298e-07 6.557705773957422934e-07 4.473147328099003062e-07 1.138797500743748969e-07 1.258989641428343020e-07 1.789882730918179732e-06 1.346462568108108826e-06 2.107896079905913211e-06 1.417422140548296738e-06 1.287709096686739940e-06 4.494147276545845671e-07 2.441920514684170485e-07 2.064551836156169884e-07 5.599128627409299952e-08 1.801727194106206298e-07 6.557705773957422934e-07 4.473147328099003062e-07 1.138797500743748969e-07 1.258989641428343020e-07 1.789882730918179732e-06
1.120000000000000000e+05 5.166280516277765855e-06 9.000485988508444279e-06 5.762337423220742494e-06 4.724287919088965282e-06 4.090528364031342790e-06 2.888661754241184099e-07 1.577252248807781143e-07 1.766541231518203858e-06 8.610381883045192808e-07 1.345161763310898095e-05 7.227922651509288698e-06 1.265380205950350501e-06 1.364065838060923852e-06 4.097077635378809646e-06 5.166280516277765855e-06 9.000485988508444279e-06 5.762337423220742494e-06 4.724287919088965282e-06 4.090528364031342790e-06 2.888661754241184099e-07 1.577252248807781143e-07 1.766541231518203858e-06 8.610381883045192808e-07 1.345161763310898095e-05 7.227922651509288698e-06 1.265380205950350501e-06 1.364065838060923852e-06 4.097077635378809646e-06
1.130000000000000000e+05 1.439729544472356793e-06 1.502304371570062358e-06 2.642176923473016359e-06 1.198283484882267658e-06 5.948750185780227184e-07 2.560601330969802802e-07 1.909290432422494632e-07 1.891260694719676394e-07 2.711045965497760335e-07 1.446414671590900980e-06 4.813071541320823599e-07 2.187143479659425793e-07 2.335350046678286162e-07 2.014788336168749083e-08 1.439729544472356793e-06 1.502304371570062358e-06 2.642176923473016359e-06 1.198283484882267658e-06 5.948750185780227184e-07 2.560601330969802802e-07 1.909290432422494632e-07 1.891260694719676394e-07 2.711045965497760335e-07 1.446414671590900980e-06 4.813071541320823599e-07 2.187143479659425793e-07 2.335350046678286162e-07 2.014788336168749083e-08
1.140000000000000000e+05 1.236596631315478589e-06 1.801961275305075105e-06 1.549861167404742446e-06 1.179952505481196567e-06 4.293572430924541550e-07 2.756736705578077817e-07 2.563307646141765872e-07 1.175158956812083488e-07 1.920607388683492900e-07 1.432292606295959558e-06 6.031945645190717187e-07 3.406287305551813915e-07 1.371428197671775706e-07 1.656074118727701716e-06 1.236596631315478589e-06 1.801961275305075105e-06 1.549861167404742446e-06 1.179952505481196567e-06 4.293572430924541550e-07 2.756736705578077817e-07 2.563307646141765872e-07 1.175158956812083488e-07 1.920607388683492900e-07 1.432292606295959558e-06 6.031945645190717187e-07 3.406287305551813915e-07 1.371428197671775706e-07 1.656074118727701716e-06
1.150000000000000000e+05 9.681159554020268843e-07 1.242332018591696396e-06 8.697576276972540654e-07 6.734290991516900249e-07 3.103393737546866760e-07 2.510237493424938293e-07 1.928287929331418127e-07 1.927173620686062350e-08 1.635077353512315312e-07 6.727627805958036333e-07 3.406185555832053069e-07 5.204310227213682083e-08 1.248667444997408893e-07 1.900602626392355887e-07 9.681159554020268843e-07 1.242332018591696396e-06 8.697576276972540654e-07 6.734290991516900249e-07 3.103393737546866760e-07 2.510237493424938293e-07 1.928287929331418127e-07 1.927173620686062350e-08 1.635077353512315312e-07 6.727627805958036333e-07 3.406185555832053069e-07 5.204310227213682083e-08 1.248667444997408893e-07 1.900602626392355887e-07
1.160000000000000000e+05 1.369147298646566924e-06 2.571492132119601592e-06 1.170026507679722272e-06 1.245023895535268821e-06 4.842496537094120868e-07 3.058925699406245258e-07 1.967568863392443745e-07 3.489306266146741109e-08 2.696670833302050596e-07 1.356424263576627709e-06 1.108480091716046445e-06 3.553419958279846469e-07 1.900832415913100704e-07 2.091364422085462138e-06 1.369147298646566924e-06 2.571492132119601592e-06 1.170026507679722272e-06 1.245023895535268821e-06 4.842496537094120868e-07 3.058925699406245258e-07 1.967568863392443745e-07 3.489306266146741109e-08 2.696670833302050596e-07 1.356424263576627709e-06 1.108480091716046445e-06 3.553419958279846469e-07 1.900832415913100704e-07 2.091364422085462138e-06
1.170000000000000000e+05 1.041950554281356744e-06 1.647774865887186024e-06 1.204156887979479507e-06 9.190237051370786503e-07 3.578993243991135387e-07 2.603040343274187762e-07 1.316354882874293253e-07 1.931701021362641768e-08 2.022312628469080664e-07 6.640128731305594556e-07 6.037522553015151061e-07 3.964990753502206644e-07 9.354857866128440946e-08 9.349858487439632881e-07 1.041950554281356744e-06 1.647774865887186024e-06 1.204156887979479507e-06 9.190237051370786503e-07 3.578993243991135387e-07 2.603040343274187762e-07 1.316354882874293253e-07 1.931701021362641768e-08 2.022312628469080664e-07 6.640128731305594556e-07 6.037522553015151061e-07 3.964990753502206644e-07 9.354857866128440946e-08 9.349858487439632881e-07
1.180000000000000000e+05 8.657250987198494840e-07 1.050734567797917407e-06 7.281525427060842048e-07 5.419391300165443681e-07 2.649892110184737248e-07 2.669506500296847662e-07 2.130825578205985948e-07 2.171736213085750933e-08 1.613691154034313513e-07 4.475322441521711880e-07 3.723017982792953262e-07 6.595534673969893902e-10 1.065632844188257877e-07 2.176037128265306819e-13 8.657250987198494840e-07 1.050734567797917407e-06 7.281525427060842048e-07 5.419391300165443681e-07 2.649892110184737248e-07 2.669506500296847662e-07 2.130825578205985948e-07 2.171736213085750933e-08 1.613691154034313513e-07 4.475322441521711880e-07 3.723017982792953262e-07 6.595534673969893902e-10 1.065632844188257877e-07 2.176037128265306819e-13
1.190000000000000000e+05 3.842479600280057639e-06 1.191844330605817959e-05 6.761177246517036110e-06 7.532202289439737797e-06 5.263480602479830850e-07 2.200684292574806022e-07 1.874975339433149202e-07 2.301030121998337563e-07 1.908109652504208498e-07 4.037255166622344404e-06 4.570373448586906306e-07 4.976947138857212849e-07 2.956693379019270651e-07 1.745732151903212070e-05 3.842479600280057639e-06 1.191844330605817959e-05 6.761177246517036110e-06 7.532202289439737797e-06 5.263480602479830850e-07 2.200684292574806022e-07 1.874975339433149202e-07 2.301030121998337563e-07 1.908109652504208498e-07 4.037255166622344404e-06 4.570373448586906306e-07 4.976947138857212849e-07 2.956693379019270651e-07 1.745732151903212070e-05
1.200000000000000000e+05 1.231001760970684700e-06 2.922345856859465130e-06 1.612195887901179958e-06 1.364479317089717370e-06 5.836058676322863903e-07 2.179004781055482454e-07 3.479491113012045389e-07 1.883416800296799920e-08 4.513993872024002485e-07 6.497986078102258034e-07 1.603326836630003527e-06 4.016323600808391348e-06 3.541915987170796143e-07 8.980819643511495087e-08 1.231001760970684700e-06 2.922345856859465130e-06 1.612195887901179958e-06 1.364479317089717370e-06 5.836058676322863903e-07 2.179004781055482454e-07 3.479491113012045389e-07 1.883416800296799920e-08 4.513993872024002485e-07 6.497986078102258034e-07 1.603326836630003527e-06 4.016323600808391348e-06 3.541915987170796143e-07 8.980819643511495087e-08
1.210000000000000000e+05 1.749267312334268354e-06 4.287801402824698016e-06 3.151167902615270577e-06 2.871593778763781302e-06 7.001286803642869927e-07 2.141298267588354065e-07 1.038833374877867755e-07 2.456739309764088830e-07 2.438217165945388842e-07 2.516200993341044523e-06 1.255539814337680582e-06 5.173611725695081986e-07 2.283969138261454646e-07 7.226374691526871175e-06 1.749267312334268354e-06 4.287801402824698016e-06 3.151167902615270577e-06 2.871593778763781302e-06 7.001286803642869927e-07 2.141298267588354065e-07 1.038833374877867755e-07 2.456739309764088830e-07 2.438217165945388842e-07 2.516200993341044523e-06 1.255539814337680582e-06 5.173611725695081986e-07 2.283969138261454646e-07 7.226374691526871175e-06
1.220000000000000000e+05 4.801797331310808659e-06 9.081436473934445530e-06 6.074693828850286081e-06 5.228829650150146335e-06 2.396783202129881829e-06 3.532420578267192468e-07 6.655688480350363534e-07 1.856375547504285350e-06 4.178320978098781779e-07 1.485036227677483112e-05 3.558662001523771323e-06 1.275754470952961128e-06 1.052237848853110336e-06 4.172145963821094483e-06 4.801797331310808659e-06 9.081436473934445530e-06 6.074693828850286081e-06 5.228829650150146335e-06 2.396783202129881829e-06 3.532420578267192468e-07 6.655688480350363534e-07 1.856375547504285350e-06 4.178320978098781779e-07 1.485036227677483112e-05 3.558662001523771323e-06 1.275754470952961128e-06 1.052237848853110336e-06 4.172145963821094483e-06
1.230000000000000000e+05 1.150019102169608232e-06 3.319910092614009045e-06 1.449777641937544104e-06 1.578527644596761093e-06 3.979893961059133289e-07 2.107297945030950359e-07 2.280059590020755422e-07 2.050435199407729669e-08 2.729553045810462208e-07 4.977841285835893359e-07 1.023678692035900895e-06 2.444611254759365693e-06 9.360560682125651510e-08 2.335768613193067722e-06 1.150019102169608232e-06 3.319910092614009045e-06 1.449777641937544104e-06 1.578527644596761093e-06 3.979893961059133289e-07 2.107297945030950359e-07 2.280059590020755422e-07 2.050435199407729669e-08 2.729553045810462208e-07 4.977841285835893359e-07 1.023678692035900895e-06 2.444611254759365693e-06 9.360560682125651510e-08 2.335768613193067722e-06
1.240000000000000000e+05 3.058112270082347095e-06 5.636354671878507361e-06 1.234693286278343294e-06 9.668027587395044975e-07 2.731337190198246390e-06 1.309777758251584601e-06 5.374282636694260873e-07 4.129410910991282435e-07 1.782752292456279974e-07 4.511797669692896307e-06 2.772949301288463175e-06 9.910672105206685956e-08 3.173905156472756062e-07 1.420363560100668110e-06 3.058112270082347095e-06 5.636354671878507361e-06 1.234693286278343294e-06 9.668027587395044975e-07 2.731337190198246390e-06 1.309777758251584601e-06 5.374282636694260873e-07 4.129410910991282435e-07 1.782752292456279974e-07 4.511797669692896307e-06 2.772949301288463175e-06 9.910672105206685956e-08 3.173905156472756062e-07 1.420363560100668110e-06
1.250000000000000000e+05 1.325481889580260031e-06 2.395571755187120289e-06 1.420671992491406854e-06 1.077073648048099130e-06 7.280600016201788094e-07 2.520172017739241710e-07 3.408142958960524993e-07 2.597936088477581507e-07 2.102406000403789221e-07 1.515704070698120631e-06 1.295971969739184715e-06 6.295755952123727184e-07 2.042745848029881017e-07 2.316890146403238759e-07 1.325481889580260031e-06 2.395571755187120289e-06 1.420671992491406854e-06 1.077073648048099130e-06 7.280600016201788094e-07 2.520172017739241710e-07 3.408142958960524993e-07 2.597936088477581507e-07 2.102406000403789221e-07 1.515704070698120631e-06 1.295971969739184715e-06 6.295755952123727184e-07 2.042745848029881017e-07 2.316890146403238759e-07
1.260000000000000000e+05 2.027247319347225130e-06 1.997318804569658823e-06 1.539663685434788931e-06 8.321068776240281295e-07 8.978446999208244961e-07 5.355993266675795894e-07 2.539778733989805914e-07 1.922600318948752829e-07 1.331820271843753289e-07 1.614028860785765573e-06 3.645592698831023881e-07 1.623178604859276675e-07 2.162576038244878873e-07 1.374321527691790834e-07 2.027247319347225130e-06 1.997318804569658823e-06 1.539663685434788931e-06 8.321068776240281295e-07 8.978446999208244961e-07 5.355993266675795894e-07 2.539778733989805914e-07 1.922600318948752829e-07 1.331820271843753289e-07 1.614028860785765573e-06 3.645592698831023881e-07 1.623178604859276675e-07 2.162576038244878873e-07 1.374321527691790834e-07
1.270000000000000000e+05 5.666821834893198684e-06 6.793343345634639263e-06 4.502027877606451511e-06 4.600717147695831954e-06 5.906313731429690961e-07 4.628531371508870507e-07 2.605351880902162520e-07 6.782512969039089512e-07 1.156194855411740718e-07 1.256050018128007650e-05 1.254681819773395546e-06 4.816361638404487167e-07 3.753586383936635684e-07 5.769153176515828818e-06 5.666821834893198684e-06 6.793343345634639263e-06 4.502027877606451511e-06 4.600717147695831954e-06 5.906313731429690961e-07 4.628531371508870507e-07 2.605351880902162520e-07 6.782512969039089512e-07 1.156194855411740718e-07 1.256050018128007650e-05 1.254681819773395546e-06 4.816361638404487167e-07 3.753586383936635684e-07 5.769153176515828818e-06
1.280000000000000000e+05 1.637869104342826176e-06 2.792546183627564460e-06 1.315336817242496181e-06 1.241064410351100378e-06 8.958548392001830507e-07 4.587976150105532724e-07 6.888689796369362739e-08 3.408051441056159092e-08 3.343983507875236683e-07 1.801008465918130241e-06 1.230277121067047119e-06 1.020303329823946115e-06 1.357662995360442437e-07 4.033257994251471246e-07 1.637869104342826176e-06 2.792546183627564460e-06 1.315336817242496181e-06 1.241064410351100378e-06 8.958548392001830507e-07 4.587976150105532724e-07 6.888689796369362739e-08 3.408051441056159092e-08 3.343983507875236683e-07 1.801008465918130241e-06 1.230277121067047119e-06 1.020303329823946115e-06 1.357662995360442437e-07 4.033257994251471246e-07
1.290000000000000000e+05 6.792004114686278626e-06 9.447004231333266944e-06 2.063316969724837691e-06 1.636903448343218770e-06 3.430858214414911345e-06 6.988611289671098348e-07 7.892018629718222655e-07 1.421062734152656049e-07 3.418284109102387447e-07 3.319248662592144683e-06 6.848794328107032925e-06 9.493390251691380399e-08 3.055937440876732580e-07 6.364014097925974056e-07 6.792004114686278626e-06 9.447004231333266944e-06 2.063316969724837691e-06 1.636903448343218770e-06 3.430858214414911345e-06 6.988611289671098348e-07 7.892018629718222655e-07 1.421062734152656049e-07 3.418284109102387447e-07 3.319248662592144683e-06 6.848794328107032925e-06 9.493390251691380399e-08 3.055937440876732580e-07 6.364014097925974056e-07
1.300000000000000000e+05 9.764128208189504221e-07 1.428505811418290250e-06 7.065355589475075249e-07 5.567154062191548292e-07 2.525015929677465465e-07 2.145372093309561023e-07 1.656057548871103791e-07 2.486581429650414066e-08 1.195572565393376863e-07 5.472972475217829924e-07 2.813371793308760971e-07 8.791660377482912736e-08 1.062096117721011979e-07 4.295275246590790630e-10 9.764128208189504221e-07 1.428505811418290250e-06 7.065355589475075249e-07 5.567154062191548292e-07 2.525015929677465465e-07 2.145372093309561023e-07 1.656057548871103791e-07 2.486581429650414066e-08 1.195572565393376863e-07 5.472972475217829924e-07 2.813371793308760971e-07 8.791660377482912736e-08 1.062096117721011979e-07 4.295275246590790630e-10
1.310000000000000000e+05 1.355536596747697331e-06 2.842115463863592595e-06 1.255321876669768244e-06 1.280069454878685065e-06 3.154724197429459309e-07 2.304222164184466237e-07 1.495580335131307947e-07 3.780953861109992431e-08 2.091580455498842639e-07 9.758117585079162382e-07 7.095493970155075658e-07 1.344983360240803449e-07 1.480302955769730033e-07 1.886733116407413036e-06 1.355536596747697331e-06 2.842115463863592595e-06 1.255321876669768244e-06 1.280069454878685065e-06 3.154724197429459309e-07 2.304222164184466237e-07 1.495580335131307947e-07 3.780953861109992431e-08 2.091580455498842639e-07 9.758117585079162382e-07 7.095493970155075658e-07 1.344983360240803449e-07 1.480302955769730033e-07 1.886733116407413036e-06
1.320000000000000000e+05 5.918366241530748084e-06 6.032685632817447186e-06 3.597896238716202788e-06 4.165507561992853880e-06 1.688172801550535951e-06 1.739171580084075686e-07 1.376251788087756722e-07 1.416562213307770435e-06 3.498473688523517922e-07 1.312086078542051837e-05 3.239969373680651188e-06 3.420870484660554212e-07 8.548108780814800411e-07 5.921183969803678337e-07 5.918366241530748084e-06 6.032685632817447186e-06 3.597896238716202788e-06 4.165507561992853880e-06 1.688172801550535951e-06 1.739171580084075686e-07 1.376251788087756722e-07 1.416562213307770435e-06 3.498473688523517922e-07 1.312086078542051837e-05 3.239969373680651188e-06 3.420870484660554212e-07 8.548108780814800411e-07 5.921183969803678337e-07
1.330000000000000000e+05 2.321116426173830405e-06 3.352744215590064414e-06 2.243731387352454476e-06 2.089872168653528206e-06 3.160812127589451848e-07 3.188362995842908276e-07 1.493328198876042734e-07 2.426701826152566355e-07 1.958894841891378746e-07 3.808810333794099279e-06 2.730893982061388670e-07 2.009988833151510335e-07 2.007065518228046130e-07 1.584485175953886937e-06 2.321116426173830405e-06 3.352744215590064414e-06 2.243731387352454476e-06 2.089872168653528206e-06 3.160812127589451848e-07 3.188362995842908276e-07 1.493328198876042734e-07 2.426701826152566355e-07 1.958894841891378746e-07 3.808810333794099279e-06 2.730893982061388670e-07 2.009988833151510335e-07 2.007065518228046130e-07 1.584485175953886937e-06
1.340000000000000000e+05 5.492592208611313254e-06 1.087255259335506707e-05 1.195692220790078864e-06 1.797992808860726655e-06 1.715713437988597434e-06 1.745540743058882072e-07 1.013069095279206522e-07 1.061378753774988581e-07 5.037184109824011102e-07 1.381110337206337135e-06 3.201826530130347237e-06 2.192713509430177510e-06 2.447632709845493082e-07 6.422777687475900166e-08 5.492592208611313254e-06 1.087255259335506707e-05 1.195692220790078864e-06 1.797992808860726655e-06 1.715713437988597434e-06 1.745540743058882072e-07 1.013069095279206522e-07 1.061378753774988581e-07 5.037184109824011102e-07 1.381110337206337135e-06 3.201826530130347237e-06 2.192713509430177510e-06 2.447632709845493082e-07 6.422777687475900166e-08
1.350000000000000000e+05 1.279393245567916892e-06 1.529798510091495700e-06 8.789990602053876501e-07 5.860118790224078111e-07 3.439407123551063705e-07 2.497698687875526957e-07 1.324116993828283739e-07 5.536886504842186696e-08 1.310902746354258852e-07 6.099597840147907846e-07 2.392464466538513079e-07 5.791093160567584164e-10 1.086107417336279468e-07 1.307946035922213923e-07 1.279393245567916892e-06 1.529798510091495700e-06 8.789990602053876501e-07 5.860118790224078111e-07 3.439407123551063705e-07 2.497698687875526957e-07 1.324116993828283739e-07 5.536886504842186696e-08 1.310902746354258852e-07 6.099597840147907846e-07 2.392464466538513079e-07 5.791093160567584164e-10 1.086107417336279468e-07 1.307946035922213923e-07
1.360000000000000000e+05 2.425886123091913760e-06 2.366881062698666938e-06 1.897421157082135323e-06 1.748521754052489996e-06 4.095099370715615805e-07 2.418416045202320674e-07 1.554280402160657104e-07 1.259583086721249856e-07 1.904745801084573031e-07 1.830557607718219515e-06 4.435179619122209260e-07 7.468116223208198790e-07 2.300833727986173471e-07 7.616361585860431660e-07 2.425886123091913760e-06 2.366881062698666938e-06 1.897421157082135323e-06 1.748521754052489996e-06 4.095099370715615805e-07 2.418416045202320674e-07 1.554280402160657104e-07 1.259583086721249856e-07 1.904745801084573031e-07 1.830557607718219515e-06 4.435179619122209260e-07 7.468116223208198790e-07 2.300833727986173471e-07 7.616361585860431660e-07
1.370000000000000000e+05 2.168188984796870500e-06 3.418502046770299785e-06 1.796338096937688533e-06 1.651605657571053598e-06 3.998921158654411556e-07 2.035682058476595557e-07 2.386940707310714060e-07 2.714760967137408443e-07 1.183293818485253723e-07 2.045503379122237675e-06 2.959348250897164689e-07 1.552700901186199189e-08 2.052821059805864934e-07 1.746815769365639426e-06 2.168188984796870500e-06 3.418502046770299785e-06 1.796338096937688533e-06 1.651605657571053598e-06 3.998921158654411556e-07 2.035682058476595557e-07 2.386940707310714060e-07 2.714760967137408443e-07 1.183293818485253723e-07 2.045503379122237675e-06 2.959348250897164689e-07 1.552700901186199189e-08 2.052821059805864934e-07 1.746815769365639426e-06
1.380000000000000000e+05 9.048671358868887182e-07 1.766832838256959803e-06 1.172703036900202278e-06 9.227974828718288336e-07 3.231381811019673478e-07 2.759404083008121233e-07 2.244541832396862446e-07 5.616487186443919200e-08 1.130196167764552229e-07 8.700368425706983544e-07 3.474849563644966111e-07 3.216360937585704960e-07 1.240204596797411796e-07 9.067215387403848581e-07 9.048671358868887182e-07 1.766832838256959803e-06 1.172703036900202278e-06 9.227974828718288336e-07 3.231381811019673478e-07 2.759404083008121233e-07 2.244541832396862446e-07 5.616487186443919200e-08 1.130196167764552229e-07 8.700368425706983544e-07 3.474849563644966111e-07 3.216360937585704960e-07 1.240204596797411796e-07 9.067215387403848581e-07
1.390000000000000000e+05 7.010235663074126933e-07 8.842579291012953036e-07 6.506705290121317375e-07 5.108856271363038104e-07 1.725333476088053430e-07 1.790739929674600717e-07 1.421979760607428034e-07 1.789320336342825613e-08 1.277581418435147498e-07 4.853534960602701176e-07 2.415279425349581288e-07 7.219214381848360063e-08 1.027826357358208043e-07 1.551119233056397206e-09 7.010235663074126933e-07 8.842579291012953036e-07 6.506705290121317375e-07 5.108856271363038104e-07 1.725333476088053430e-07 1.790739929674600717e-07 1.421979760607428034e-07 1.789320336342825613e-08 1.277581418435147498e-07 4.853534960602701176e-07 2.415279425349581288e-07 7.219214381848360063e-08 1.027826357358208043e-07 1.551119233056397206e-09
1.400000000000000000e+05 7.218627615657169372e-07 9.110024166147923097e-07 6.924460649315733463e-07 5.181984192859090399e-07 1.731593357590099913e-07 2.010327051493732142e-07 1.727939888951368630e-07 4.782403451031314034e-08 1.169862926531095582e-07 7.039456022539525293e-07 2.393554154878074769e-07 8.129009465562830883e-09 1.003131444576865761e-07 1.221690411057352321e-07 7.218627615657169372e-07 9.110024166147923097e-07 6.924460649315733463e-07 5.181984192859090399e-07 1.731593357590099913e-07 2.010327051493732142e-07 1.727939888951368630e-07 4.782403451031314034e-08 1.169862926531095582e-07 7.039456022539525293e-07 2.393554154878074769e-07 8.129009465562830883e-09 1.003131444576865761e-07 1.221690411057352321e-07
1.410000000000000000e+05 9.186546208184154239e-07 9.994049605666077696e-07 7.467672276106895879e-07 5.663496267516165972e-07 2.563527061738568591e-07 1.762661270277021686e-07 8.896186187712373794e-08 4.039341305883681343e-08 1.464403709405814880e-07 7.826398018551117275e-07 3.309531564354983857e-07 1.214973934793306398e-07 8.471882040339551168e-08 6.437588240260083694e-09 9.186546208184154239e-07 9.994049605666077696e-07 7.467672276106895879e-07 5.663496267516165972e-07 2.563527061738568591e-07 1.762661270277021686e-07 8.896186187712373794e-08 4.039341305883681343e-08 1.464403709405814880e-07 7.826398018551117275e-07 3.309531564354983857e-07 1.214973934793306398e-07 8.471882040339551168e-08 6.437588240260083694e-09
1.420000000000000000e+05 8.786363423496368341e-07 1.071935344043595251e-06 7.350844839493220206e-07 5.589308216258359607e-07 1.975384122943069087e-07 1.840850103462798870e-07 1.491528109909268096e-07 5.707160966039737104e-08 1.171750128037274408e-07 5.311094355420209467e-07 2.026289678269677097e-07 3.110112700710487843e-08 1.112824818960689299e-07 7.059317397306585917e-08 8.786363423496368341e-07 1.071935344043595251e-06 7.350844839493220206e-07 5.589308216258359607e-07 1.975384122943069087e-07 1.840850103462798870e-07 1.491528109909268096e-07 5.707160966039737104e-08 1.171750128037274408e-07 5.311094355420209467e-07 2.026289678269677097e-07 3.110112700710487843e-08 1.112824818960689299e-07 7.059317397306585917e-08
1.430000000000000000e+05 7.068238687679695431e-07 1.051413278219115455e-06 7.003891937529260758e-07 5.813820393996138591e-07 2.032088701753309579e-07 1.730053185156066320e-07 1.038154806565216859e-07 1.875378075055778027e-08 1.239192073398953653e-07 5.371456381908501498e-07 3.240052421915606828e-07 5.645624767680601508e-08 9.441230020001967205e-08 1.871661226005016943e-07 7.068238687679695431e-07 1.051413278219115455e-06 7.003891937529260758e-07 5.813820393996138591e-07 2.032088701753309579e-07 1.730053185156066320e-07 1.038154806565216859e-07 1.875378075055778027e-08 1.239192073398953653e-07 5.371456381908501498e-07 3.240052421915606828e-07 5.645624767680601508e-08 9.441230020001967205e-08 1.871661226005016943e-07
1.440000000000000000e+05 1.047471869242144749e-06 1.430567522220371757e-06 1.160375632025534287e-06 9.480452263233019039e-07 3.501348828649497591e-07 3.838434281533409376e-07 7.938097468240812304e-08 4.451101176528027281e-08 1.997852621116180671e-07 2.200612243541399948e-06 4.070067802786070388e-07 5.682165920006809756e-07 9.587292026935756439e-08 2.923750059835583670e-07 1.047471869242144749e-06 1.430567522220371757e-06 1.160375632025534287e-06 9.480452263233019039e-07 3.501348828649497591e-07 3.838434281533409376e-07 7.938097468240812304e-08 4.451101176528027281e-08 1.997852621116180671e-07 2.200612243541399948e-06 4.070067802786070388e-07 5.682165920006809756e-07 9.587292026935756439e-08 2.923750059835583670e-07
1.450000000000000000e+05 1.026479139909497462e-06 1.245384282810846344e-06 8.909916004995466210e-07 5.697885399058577605e-07 2.823615545821667183e-07 1.981876778245350579e-07 2.045207310175101156e-07 5.874294473073859990e-08 1.091720562840237108e-07 5.803199201181996614e-07 5.210008566791657358e-07 5.337955855111431447e-08 8.133970652579591842e-08 3.853327825709129684e-07 1.026479139909497462e-06 1.245384282810846344e-06 8.909916004995466210e-07 5.697885399058577605e-07 2.823615545821667183e-07 1.981876778245350579e-07 2.045207310175101156e-07 5.874294473073859990e-08 1.091720562840237108e-07 5.803199201181996614e-07 5.210008566791657358e-07 5.337955855111431447e-08 8.133970652579591842e-08 3.853327825709129684e-07
1.460000000000000000e+05 8.371122248718165793e-07 1.229732220053847414e-06 7.053698709569289349e-07 5.687844577551004477e-07 2.321601044741328224e-07 1.889269896082623745e-07 1.385180468105318141e-07 4.729396252400874801e-08 1.245792731197070680e-07 5.293219942359428387e-07 2.598387141006242018e-07 1.562646332331496524e-07 7.468651830322414753e-08 6.215064729531150078e-08 8.371122248718165793e-07 1.229732220053847414e-06 7.053698709569289349e-07 5.687844577551004477e-07 2.321601044741328224e-07 1.889269896082623745e-07 1.385180468105318141e-07 4.729396252400874801e-08 1.245792731197070680e-07 5.293219942359428387e-07 2.598387141006242018e-07 1.562646332331496524e-07 7.468651830322414753e-08 6.215064729531150078e-08
1.470000000000000000e+05 7.026199000392807648e-07 9.074715308088343590e-07 6.206582270351646002e-07 4.732681304631114472e-07 1.546525822959665675e-07 1.721899423046124866e-07 9.072947904087413917e-08 1.823756967667122808e-08 1.187209051067839027e-07 6.510016419269959442e-07 2.364057962722654338e-07 1.733910437451413600e-08 7.442817206992913270e-08 1.064172749920544447e-08 7.026199000392807648e-07 9.074715308088343590e-07 6.206582270351646002e-07 4.732681304631114472e-07 1.546525822959665675e-07 1.721899423046124866e-07 9.072947904087413917e-08 1.823756967667122808e-08 1.187209051067839027e-07 6.510016419269959442e-07 2.364057962722654338e-07 1.733910437451413600e-08 7.442817206992913270e-08 1.064172749920544447e-08
1.480000000000000000e+05 9.240072813554434106e-07 1.466199250899080653e-06 6.516175403703527991e-07 5.151904360900516622e-07 2.248503250257272157e-07 1.834163612102202023e-07 6.479481839960499201e-08 2.253813491392975266e-08 1.519481998002447654e-07 8.083314924078877084e-07 4.616390469891484827e-07 9.801225786532086204e-08 8.245777394222386647e-08 9.938787570717977360e-09 9.240072813554434106e-07 1.466199250899080653e-06 6.516175403703527991e-07 5.151904360900516622e-07 2.248503250257272157e-07 1.834163612102202023e-07 6.479481839960499201e-08 2.253813491392975266e-08 1.519481998002447654e-07 8.083314924078877084e-07 4.616390469891484827e-07 9.801225786532086204e-08 8.245777394222386647e-08 9.938787570717977360e-09
1.490000000000000000e+05 6.024941285431850702e-06 7.087091034918557853e-06 4.781678853760240600e-06 4.040409748995443806e-06 2.205061718996148556e-06 6.459836754402203951e-07 3.596893805024592439e-07 2.674953059056406346e-08 7.921478299977025017e-07 3.950565314880805090e-06 4.422628080646973103e-06 5.680849881173344329e-06 5.550693913392024115e-07 3.174648099957266822e-06 6.024941285431850702e-06 7.087091034918557853e-06 4.781678853760240600e-06 4.040409748995443806e-06 2.205061718996148556e-06 6.459836754402203951e-07 3.596893805024592439e-07 2.674953059056406346e-08 7.921478299977025017e-07 3.950565314880805090e-06 4.422628080646973103e-06 5.680849881173344329e-06 5.550693913392024115e-07 3.174648099957266822e-06
1.500000000000000000e+05 3.373620984348235652e-06 6.866824605822330341e-06 3.334873099447577260e-06 3.254902139815385453e-06 7.131334882615192328e-07 3.536256372171919793e-07 7.233103360704262741e-08 1.346379718825119198e-07 3.776839321290026419e-07 3.856016519421245903e-06 6.066754849598510191e-07 2.549904820625670254e-06 1.694452151923542260e-07 1.444770418856933247e-06 3.373620984348235652e-06 6.866824605822330341e-06 3.334873099447577260e-06 3.254902139815385453e-06 7.131334882615192328e-07 3.536256372171919793e-07 7.233103360704262741e-08 1.346379718825119198e-07 3.776839321290026419e-07 3.856016519421245903e-06 6.066754849598510191e-07 2.549904820625670254e-06 1.694452151923542260e-07 1.444770418856933247e-06
